{"frames":{"Toolbar_Autoplay_AutoPlay_HitArea":{"frame":{"x":1,"y":1,"w":68,"h":53},"sourceSize":{"w":68,"h":53}},"Toolbar_Autoplay_AutoPlay_Chosen":{"frame":{"x":71,"y":1,"w":28,"h":28},"sourceSize":{"w":28,"h":28}},"Toolbar_Autoplay_AutoPlay_Active":{"frame":{"x":101,"y":1,"w":40,"h":37},"sourceSize":{"w":40,"h":37}},"Toolbar_Autoplay_Autoplay_BG_Top":{"frame":{"x":1,"y":56,"w":183,"h":240},"sourceSize":{"w":183,"h":240}},"Toolbar_Autoplay_Autoplay_BG_Top_1":{"frame":{"x":1,"y":298,"w":183,"h":240},"sourceSize":{"w":183,"h":240}},"Toolbar_Autoplay_InnerBtn_HitArea":{"frame":{"x":1,"y":540,"w":88,"h":94},"sourceSize":{"w":88,"h":94}},"Toolbar_Autoplay_InnerBtn_Stop":{"frame":{"x":91,"y":540,"w":78,"h":77},"sourceSize":{"w":78,"h":77}},"Toolbar_Autoplay_InnerBtn_Disabled":{"frame":{"x":1,"y":636,"w":78,"h":77},"sourceSize":{"w":78,"h":77}},"Toolbar_Autoplay_AutoPlay_UP":{"frame":{"x":186,"y":56,"w":201,"h":254},"sourceSize":{"w":201,"h":254}}},"meta":{"app":"PixiAnimate","scale":1,"image":"res_Toolbar_Autoplay_atlas_1.png","size":{"w":1024,"h":1024}}}