{
	"alpha": {
		"start": 1,
		"end": 0
	},
	"scale": {
		"start": 0.6,
		"end": 1,
		"minimumScaleMultiplier": 1
	},
	"color": {
		"start": "#ffffff",
		"end": "#ffffff"
	},
	"speed": {
		"start": 5,
		"end": 0,
		"minimumSpeedMultiplier": 10
	},
	"acceleration": {
		"x": 0,
		"y": -4
	},
	"maxSpeed": 0,
	"startRotation": {
		"min": 0,
		"max": 360
	},
	"noRotation": false,
	"rotationSpeed": {
		"min": 50,
		"max": 0
	},
	"lifetime": {
		"min": 5,
		"max": 10
	},
	"blendMode": "normal",
	"frequency": 0.22,
	"emitterLifetime": -1,
	"maxParticles": 60,
	"pos": {
		"x": 0,
		"y": 0
	},
	"addAtBack": false,
	"spawnType": "rect",
	"spawnRect": {
		"x": 0,
		"y": 0,
		"w": 800,
		"h": 150
	}
}