{"frames":{"res_Toolbar_Toolbar_ToolTip":{"frame":{"x":1,"y":1,"w":202,"h":139},"sourceSize":{"w":202,"h":139}},"res_Toolbar_SparkMain":{"frame":{"x":205,"y":1,"w":49,"h":45},"sourceSize":{"w":49,"h":45}},"res_Toolbar_particle":{"frame":{"x":205,"y":48,"w":25,"h":13},"sourceSize":{"w":25,"h":13}},"res_Toolbar_Group 1":{"frame":{"x":232,"y":48,"w":11,"h":13},"sourceSize":{"w":11,"h":13}},"res_Toolbar_star small":{"frame":{"x":205,"y":63,"w":49,"h":45},"sourceSize":{"w":49,"h":45}},"res_Toolbar_sine2":{"frame":{"x":205,"y":110,"w":13,"h":16},"sourceSize":{"w":13,"h":16}},"res_Toolbar_rect 2":{"frame":{"x":220,"y":110,"w":13,"h":16},"sourceSize":{"w":13,"h":16}},"res_Toolbar_rect shine":{"frame":{"x":235,"y":110,"w":5,"h":23},"sourceSize":{"w":5,"h":23}},"res_Toolbar_Shape 5":{"frame":{"x":242,"y":110,"w":11,"h":13},"sourceSize":{"w":11,"h":13}},"res_Toolbar_star big":{"frame":{"x":256,"y":1,"w":49,"h":45},"sourceSize":{"w":49,"h":45}},"res_Toolbar_Layer 566 copy 5":{"frame":{"x":256,"y":48,"w":19,"h":23},"sourceSize":{"w":19,"h":23}},"res_Toolbar_confetOrange":{"frame":{"x":277,"y":48,"w":13,"h":16},"sourceSize":{"w":13,"h":16}},"res_Toolbar_confetOrange2":{"frame":{"x":292,"y":48,"w":13,"h":16},"sourceSize":{"w":13,"h":16}},"res_Toolbar_Deposit_HitArea":{"frame":{"x":307,"y":1,"w":243,"h":36},"sourceSize":{"w":243,"h":36}},"res_Toolbar_MoveToMoneyUp":{"frame":{"x":307,"y":39,"w":243,"h":36},"sourceSize":{"w":243,"h":36}},"res_Toolbar_MoveToMoneyHover":{"frame":{"x":307,"y":77,"w":243,"h":36},"sourceSize":{"w":243,"h":36}},"res_Toolbar_MoveToMoneyPress":{"frame":{"x":552,"y":1,"w":243,"h":36},"sourceSize":{"w":243,"h":36}},"res_Toolbar_MoveToMoneyDisable":{"frame":{"x":552,"y":39,"w":243,"h":36},"sourceSize":{"w":243,"h":36}},"res_Toolbar_blicks back 1":{"frame":{"x":1,"y":142,"w":562,"h":170},"sourceSize":{"w":562,"h":170}},"res_Toolbar_ToolbarPlayAnim_00034":{"frame":{"x":565,"y":142,"w":144,"h":159},"sourceSize":{"w":144,"h":159}},"res_Toolbar_ToolbarPlayAnim_00033":{"frame":{"x":711,"y":142,"w":144,"h":159},"sourceSize":{"w":144,"h":159}},"res_Toolbar_ToolbarPlayAnim_00032":{"frame":{"x":857,"y":142,"w":144,"h":159},"sourceSize":{"w":144,"h":159}},"res_Toolbar_ToolbarPlayAnim_00031":{"frame":{"x":1,"y":314,"w":144,"h":159},"sourceSize":{"w":144,"h":159}},"res_Toolbar_ToolbarPlayAnim_00030":{"frame":{"x":1,"y":475,"w":144,"h":159},"sourceSize":{"w":144,"h":159}},"res_Toolbar_ToolbarPlayAnim_00029":{"frame":{"x":1,"y":636,"w":144,"h":159},"sourceSize":{"w":144,"h":159}},"res_Toolbar_ToolbarPlayAnim_00028":{"frame":{"x":1,"y":797,"w":144,"h":159},"sourceSize":{"w":144,"h":159}},"res_Toolbar_ToolbarPlayAnim_00027":{"frame":{"x":147,"y":314,"w":144,"h":159},"sourceSize":{"w":144,"h":159}},"res_Toolbar_ToolbarPlayAnim_00026":{"frame":{"x":147,"y":475,"w":144,"h":159},"sourceSize":{"w":144,"h":159}},"res_Toolbar_ToolbarPlayAnim_00025":{"frame":{"x":147,"y":636,"w":144,"h":159},"sourceSize":{"w":144,"h":159}},"res_Toolbar_ToolbarPlayAnim_00024":{"frame":{"x":147,"y":797,"w":144,"h":159},"sourceSize":{"w":144,"h":159}},"res_Toolbar_ToolbarPlayAnim_00023":{"frame":{"x":293,"y":314,"w":144,"h":159},"sourceSize":{"w":144,"h":159}},"res_Toolbar_ToolbarPlayAnim_00022":{"frame":{"x":293,"y":475,"w":144,"h":159},"sourceSize":{"w":144,"h":159}},"res_Toolbar_ToolbarPlayIcon_Over":{"frame":{"x":293,"y":636,"w":144,"h":159},"sourceSize":{"w":144,"h":159}},"res_Toolbar_PLAY_Icon_Disabled":{"frame":{"x":293,"y":797,"w":144,"h":159},"sourceSize":{"w":144,"h":159}},"res_Toolbar_PLAY_CleanAnim":{"frame":{"x":439,"y":314,"w":202,"h":202},"sourceSize":{"w":202,"h":202}},"res_Toolbar_PLAY_Btn_HitArea-1":{"frame":{"x":643,"y":314,"w":150,"h":150},"sourceSize":{"w":150,"h":150}},"res_Toolbar_PLAY_Alltime1":{"frame":{"x":795,"y":314,"w":202,"h":202},"sourceSize":{"w":202,"h":202}},"res_Toolbar_RevealAll_Up":{"frame":{"x":439,"y":518,"w":202,"h":202},"sourceSize":{"w":202,"h":202}},"res_Toolbar_RevealAll_Over":{"frame":{"x":439,"y":722,"w":202,"h":202},"sourceSize":{"w":202,"h":202}},"res_Toolbar_RevealAll_Disabled":{"frame":{"x":643,"y":518,"w":202,"h":202},"sourceSize":{"w":202,"h":202}},"res_Toolbar_PLAY_Clean":{"frame":{"x":643,"y":722,"w":202,"h":202},"sourceSize":{"w":202,"h":202}}},"meta":{"app":"PixiAnimate","scale":1,"image":"res_Toolbar_atlas_1.png","size":{"w":1024,"h":1024}}}