{"frames":{"res_YouWonPopup_star1":{"frame":{"x":1,"y":1,"w":55,"h":54},"sourceSize":{"w":55,"h":54}},"res_YouWonPopup_R_UP":{"frame":{"x":58,"y":1,"w":48,"h":28},"sourceSize":{"w":48,"h":28}},"res_YouWonPopup_L_UP":{"frame":{"x":108,"y":1,"w":46,"h":28},"sourceSize":{"w":46,"h":28}},"res_YouWonPopup_Group 5336 copy 8":{"frame":{"x":156,"y":1,"w":39,"h":39},"sourceSize":{"w":39,"h":39}},"res_YouWonPopup_Layer 34043 copy":{"frame":{"x":197,"y":1,"w":26,"h":25},"sourceSize":{"w":26,"h":25}},"res_YouWonPopup_blue copy":{"frame":{"x":197,"y":28,"w":25,"h":25},"sourceSize":{"w":25,"h":25}},"res_YouWonPopup_Layer 33981 copy 13":{"frame":{"x":225,"y":1,"w":35,"h":30},"sourceSize":{"w":35,"h":30}},"res_YouWonPopup_Layer 33981 copy 12":{"frame":{"x":262,"y":1,"w":30,"h":26},"sourceSize":{"w":30,"h":26}},"res_YouWonPopup_STAR_V2":{"frame":{"x":294,"y":1,"w":37,"h":37},"sourceSize":{"w":37,"h":37}},"res_YouWonPopup_FLAG":{"frame":{"x":1,"y":57,"w":481,"h":106},"sourceSize":{"w":481,"h":106}},"res_YouWonPopup_R":{"frame":{"x":484,"y":57,"w":94,"h":106},"sourceSize":{"w":94,"h":106}},"res_YouWonPopup_TEXT":{"frame":{"x":580,"y":57,"w":372,"h":100},"sourceSize":{"w":372,"h":100}},"res_YouWonPopup_Layer 34043":{"frame":{"x":954,"y":57,"w":55,"h":60},"sourceSize":{"w":55,"h":60}},"res_YouWonPopup_L":{"frame":{"x":1,"y":165,"w":94,"h":107},"sourceSize":{"w":94,"h":107}},"res_YouWonPopup_Layer 33981 copy":{"frame":{"x":1,"y":274,"w":67,"h":58},"sourceSize":{"w":67,"h":58}},"res_YouWonPopup_Layer 3390 copy":{"frame":{"x":1,"y":334,"w":73,"h":186},"sourceSize":{"w":73,"h":186}},"res_YouWonPopup_SHADOW":{"frame":{"x":97,"y":165,"w":588,"h":150},"sourceSize":{"w":588,"h":150}},"res_YouWonPopup_Layer 3390 copy 2":{"frame":{"x":687,"y":165,"w":132,"h":141},"sourceSize":{"w":132,"h":141}},"res_YouWonPopup_blick1 circle":{"frame":{"x":821,"y":165,"w":114,"h":114},"sourceSize":{"w":114,"h":114}},"res_YouWonPopup_glow":{"frame":{"x":97,"y":317,"w":768,"h":515},"sourceSize":{"w":768,"h":515}}},"meta":{"app":"PixiAnimate","scale":1,"image":"res_YouWonPopup_atlas_1.png","size":{"w":1024,"h":1024}}}