{"frames":{"res_Logo_logo new_00016":{"frame":{"x":1,"y":1,"w":227,"h":204},"sourceSize":{"w":227,"h":204}},"res_Logo_logo new_00017":{"frame":{"x":230,"y":1,"w":227,"h":204},"sourceSize":{"w":227,"h":204}},"res_Logo_logo new_00018":{"frame":{"x":459,"y":1,"w":227,"h":204},"sourceSize":{"w":227,"h":204}},"res_Logo_logo new_00019":{"frame":{"x":688,"y":1,"w":227,"h":204},"sourceSize":{"w":227,"h":204}},"res_Logo_logo new_00020":{"frame":{"x":1,"y":207,"w":227,"h":204},"sourceSize":{"w":227,"h":204}},"res_Logo_logo new_00021":{"frame":{"x":1,"y":413,"w":227,"h":204},"sourceSize":{"w":227,"h":204}},"res_Logo_logo new_00022":{"frame":{"x":1,"y":619,"w":227,"h":204},"sourceSize":{"w":227,"h":204}},"res_Logo_WildTime_Xtra_logo":{"frame":{"x":1,"y":825,"w":205,"h":197},"sourceSize":{"w":205,"h":197}},"res_Logo_logo new_00023":{"frame":{"x":230,"y":207,"w":227,"h":204},"sourceSize":{"w":227,"h":204}},"res_Logo_logo new_00024":{"frame":{"x":459,"y":207,"w":227,"h":204},"sourceSize":{"w":227,"h":204}},"res_Logo_logo new_00025":{"frame":{"x":688,"y":207,"w":227,"h":204},"sourceSize":{"w":227,"h":204}},"res_Logo_logo new_00026":{"frame":{"x":230,"y":413,"w":227,"h":204},"sourceSize":{"w":227,"h":204}},"res_Logo_logo new_00027":{"frame":{"x":230,"y":619,"w":227,"h":204},"sourceSize":{"w":227,"h":204}},"res_Logo_logo new_00028":{"frame":{"x":459,"y":413,"w":227,"h":204},"sourceSize":{"w":227,"h":204}},"res_Logo_logo new_00029":{"frame":{"x":688,"y":413,"w":227,"h":204},"sourceSize":{"w":227,"h":204}}},"meta":{"app":"PixiAnimate","scale":1,"image":"res_Logo_atlas_2.png","size":{"w":1024,"h":1024}}}