{"frames":{"res_Logo_star":{"frame":{"x":1,"y":1,"w":55,"h":54},"sourceSize":{"w":55,"h":54}},"res_Logo_logo new_00000":{"frame":{"x":1,"y":57,"w":227,"h":204},"sourceSize":{"w":227,"h":204}},"res_Logo_logo new_00001":{"frame":{"x":1,"y":263,"w":227,"h":204},"sourceSize":{"w":227,"h":204}},"res_Logo_logo new_00002":{"frame":{"x":1,"y":469,"w":227,"h":204},"sourceSize":{"w":227,"h":204}},"res_Logo_logo new_00003":{"frame":{"x":1,"y":675,"w":227,"h":204},"sourceSize":{"w":227,"h":204}},"res_Logo_logo new_00004":{"frame":{"x":230,"y":57,"w":227,"h":204},"sourceSize":{"w":227,"h":204}},"res_Logo_logo new_00005":{"frame":{"x":459,"y":57,"w":227,"h":204},"sourceSize":{"w":227,"h":204}},"res_Logo_logo new_00006":{"frame":{"x":688,"y":57,"w":227,"h":204},"sourceSize":{"w":227,"h":204}},"res_Logo_logo new_00007":{"frame":{"x":230,"y":263,"w":227,"h":204},"sourceSize":{"w":227,"h":204}},"res_Logo_logo new_00008":{"frame":{"x":230,"y":469,"w":227,"h":204},"sourceSize":{"w":227,"h":204}},"res_Logo_logo new_00009":{"frame":{"x":230,"y":675,"w":227,"h":204},"sourceSize":{"w":227,"h":204}},"res_Logo_logo new_00010":{"frame":{"x":459,"y":263,"w":227,"h":204},"sourceSize":{"w":227,"h":204}},"res_Logo_logo new_00011":{"frame":{"x":688,"y":263,"w":227,"h":204},"sourceSize":{"w":227,"h":204}},"res_Logo_logo new_00012":{"frame":{"x":459,"y":469,"w":227,"h":204},"sourceSize":{"w":227,"h":204}},"res_Logo_logo new_00013":{"frame":{"x":688,"y":469,"w":227,"h":204},"sourceSize":{"w":227,"h":204}},"res_Logo_logo new_00014":{"frame":{"x":459,"y":675,"w":227,"h":204},"sourceSize":{"w":227,"h":204}},"res_Logo_logo new_00015":{"frame":{"x":688,"y":675,"w":227,"h":204},"sourceSize":{"w":227,"h":204}}},"meta":{"app":"PixiAnimate","scale":1,"image":"res_Logo_atlas_1.png","size":{"w":1024,"h":1024}}}