{"frames":{"res_GameArea_Pre-comp 5_00018_123":{"frame":{"x":1,"y":1,"w":162,"h":139},"sourceSize":{"w":162,"h":139}},"res_GameArea_Pre-comp 5_00019_123":{"frame":{"x":165,"y":1,"w":162,"h":139},"sourceSize":{"w":162,"h":139}},"res_GameArea_Pre-comp 5_00020_123":{"frame":{"x":329,"y":1,"w":162,"h":139},"sourceSize":{"w":162,"h":139}},"res_GameArea_Pre-comp 5_00021_123":{"frame":{"x":493,"y":1,"w":162,"h":139},"sourceSize":{"w":162,"h":139}},"res_GameArea_Pre-comp 5_00022_123":{"frame":{"x":657,"y":1,"w":162,"h":139},"sourceSize":{"w":162,"h":139}},"res_GameArea_Pre-comp 5_00023_123":{"frame":{"x":821,"y":1,"w":162,"h":139},"sourceSize":{"w":162,"h":139}},"res_GameArea_Pre-comp 5_00024_123":{"frame":{"x":1,"y":142,"w":162,"h":139},"sourceSize":{"w":162,"h":139}},"res_GameArea_Pre-comp 5_00025_123":{"frame":{"x":1,"y":283,"w":162,"h":139},"sourceSize":{"w":162,"h":139}},"res_GameArea_Pre-comp 5_00026_123":{"frame":{"x":1,"y":424,"w":162,"h":139},"sourceSize":{"w":162,"h":139}},"res_GameArea_Pre-comp 5_00027_123":{"frame":{"x":1,"y":565,"w":162,"h":139},"sourceSize":{"w":162,"h":139}},"res_GameArea_Pre-comp 5_00028_123":{"frame":{"x":1,"y":706,"w":162,"h":139},"sourceSize":{"w":162,"h":139}},"res_GameArea_Pre-comp 5_00029_123":{"frame":{"x":1,"y":847,"w":162,"h":139},"sourceSize":{"w":162,"h":139}},"res_GameArea_Pre-comp 5_00030_123":{"frame":{"x":165,"y":142,"w":162,"h":139},"sourceSize":{"w":162,"h":139}},"res_GameArea_Pre-comp 5_00031_123":{"frame":{"x":329,"y":142,"w":162,"h":139},"sourceSize":{"w":162,"h":139}},"res_GameArea_Pre-comp 5_00033_123":{"frame":{"x":493,"y":142,"w":162,"h":139},"sourceSize":{"w":162,"h":139}},"res_GameArea_Pre-comp 5_00034_123":{"frame":{"x":657,"y":142,"w":162,"h":139},"sourceSize":{"w":162,"h":139}},"res_GameArea_Pre-comp 5_00035_123":{"frame":{"x":821,"y":142,"w":162,"h":139},"sourceSize":{"w":162,"h":139}},"res_GameArea_Pre-comp 5_00036_123":{"frame":{"x":165,"y":283,"w":162,"h":139},"sourceSize":{"w":162,"h":139}},"res_GameArea_Pre-comp 5_00037_123":{"frame":{"x":165,"y":424,"w":162,"h":139},"sourceSize":{"w":162,"h":139}},"res_GameArea_Pre-comp 5_00038_123":{"frame":{"x":165,"y":565,"w":162,"h":139},"sourceSize":{"w":162,"h":139}},"res_GameArea_Pre-comp 5_00039_123":{"frame":{"x":165,"y":706,"w":162,"h":139},"sourceSize":{"w":162,"h":139}},"res_GameArea_Pre-comp 5_00017_123":{"frame":{"x":165,"y":847,"w":162,"h":139},"sourceSize":{"w":162,"h":139}},"res_GameArea_Pre-comp 5_00002_123":{"frame":{"x":329,"y":283,"w":162,"h":139},"sourceSize":{"w":162,"h":139}},"res_GameArea_Pre-comp 5_00003_123":{"frame":{"x":493,"y":283,"w":162,"h":139},"sourceSize":{"w":162,"h":139}},"res_GameArea_Pre-comp 5_00004_123":{"frame":{"x":657,"y":283,"w":162,"h":139},"sourceSize":{"w":162,"h":139}},"res_GameArea_Pre-comp 5_00005_123":{"frame":{"x":821,"y":283,"w":162,"h":139},"sourceSize":{"w":162,"h":139}},"res_GameArea_Pre-comp 5_00006_123":{"frame":{"x":329,"y":424,"w":162,"h":139},"sourceSize":{"w":162,"h":139}},"res_GameArea_Pre-comp 5_00007_123":{"frame":{"x":329,"y":565,"w":162,"h":139},"sourceSize":{"w":162,"h":139}},"res_GameArea_Pre-comp 5_00008_123":{"frame":{"x":329,"y":706,"w":162,"h":139},"sourceSize":{"w":162,"h":139}},"res_GameArea_Pre-comp 5_00009_123":{"frame":{"x":329,"y":847,"w":162,"h":139},"sourceSize":{"w":162,"h":139}},"res_GameArea_Pre-comp 5_00010_123":{"frame":{"x":493,"y":424,"w":162,"h":139},"sourceSize":{"w":162,"h":139}},"res_GameArea_Pre-comp 5_00011_123":{"frame":{"x":657,"y":424,"w":162,"h":139},"sourceSize":{"w":162,"h":139}},"res_GameArea_Pre-comp 5_00012_123":{"frame":{"x":821,"y":424,"w":162,"h":139},"sourceSize":{"w":162,"h":139}},"res_GameArea_Pre-comp 5_00013_123":{"frame":{"x":493,"y":565,"w":162,"h":139},"sourceSize":{"w":162,"h":139}},"res_GameArea_Pre-comp 5_00014_123":{"frame":{"x":493,"y":706,"w":162,"h":139},"sourceSize":{"w":162,"h":139}},"res_GameArea_Pre-comp 5_00015_123":{"frame":{"x":493,"y":847,"w":162,"h":139},"sourceSize":{"w":162,"h":139}},"res_GameArea_Pre-comp 5_00016_123":{"frame":{"x":657,"y":565,"w":162,"h":139},"sourceSize":{"w":162,"h":139}},"res_GameArea_main_new_Pre-comp 4_00024":{"frame":{"x":821,"y":565,"w":104,"h":98},"sourceSize":{"w":104,"h":98}},"res_GameArea_solid_0006":{"frame":{"x":927,"y":565,"w":61,"h":81},"sourceSize":{"w":61,"h":81}},"res_GameArea_main_new_Group 53403111":{"frame":{"x":927,"y":648,"w":79,"h":52},"sourceSize":{"w":79,"h":52}},"res_GameArea_Layer 71_123":{"frame":{"x":657,"y":706,"w":317,"h":295},"sourceSize":{"w":317,"h":295}}},"meta":{"app":"PixiAnimate","scale":1,"image":"res_GameArea_atlas_4.png","size":{"w":1024,"h":1024}}}