{"frames":{"res_GameArea_hitArea":{"frame":{"x":1,"y":1,"w":95,"h":97},"sourceSize":{"w":95,"h":97}},"res_GameArea_2X animation + Prize Change_00023":{"frame":{"x":1,"y":100,"w":74,"h":31},"sourceSize":{"w":74,"h":31}},"res_GameArea_blick1 circle":{"frame":{"x":77,"y":100,"w":14,"h":13},"sourceSize":{"w":14,"h":13}},"res_GameArea_2X animation + Prize Change_00024":{"frame":{"x":1,"y":133,"w":74,"h":31},"sourceSize":{"w":74,"h":31}},"res_GameArea_Layer 687":{"frame":{"x":77,"y":133,"w":19,"h":19},"sourceSize":{"w":19,"h":19}},"res_GameArea_2X animation + Prize Change_00025":{"frame":{"x":1,"y":166,"w":74,"h":31},"sourceSize":{"w":74,"h":31}},"res_GameArea_2X animation + Prize Change_00026":{"frame":{"x":1,"y":199,"w":74,"h":31},"sourceSize":{"w":74,"h":31}},"res_GameArea_2X animation + Prize Change_00027":{"frame":{"x":1,"y":232,"w":74,"h":31},"sourceSize":{"w":74,"h":31}},"res_GameArea_2X animation + Prize Change_00028":{"frame":{"x":1,"y":265,"w":74,"h":31},"sourceSize":{"w":74,"h":31}},"res_GameArea_2X animation + Prize Change_00029":{"frame":{"x":1,"y":298,"w":74,"h":31},"sourceSize":{"w":74,"h":31}},"res_GameArea_2X animation + Prize Change_00030":{"frame":{"x":1,"y":331,"w":74,"h":31},"sourceSize":{"w":74,"h":31}},"res_GameArea_2X animation + Prize Change_00031":{"frame":{"x":1,"y":364,"w":74,"h":31},"sourceSize":{"w":74,"h":31}},"res_GameArea_2X animation + Prize Change_00032":{"frame":{"x":1,"y":397,"w":74,"h":31},"sourceSize":{"w":74,"h":31}},"res_GameArea_2X animation + Prize Change_00033":{"frame":{"x":1,"y":430,"w":74,"h":31},"sourceSize":{"w":74,"h":31}},"res_GameArea_2X animation + Prize Change_00034":{"frame":{"x":1,"y":463,"w":74,"h":31},"sourceSize":{"w":74,"h":31}},"res_GameArea_2X animation + Prize Change_00035":{"frame":{"x":1,"y":496,"w":74,"h":31},"sourceSize":{"w":74,"h":31}},"res_GameArea_2X animation + Prize Change_00036":{"frame":{"x":1,"y":529,"w":74,"h":31},"sourceSize":{"w":74,"h":31}},"res_GameArea_2X animation + Prize Change_00037":{"frame":{"x":1,"y":562,"w":74,"h":31},"sourceSize":{"w":74,"h":31}},"res_GameArea_2X animation + Prize Change_00038":{"frame":{"x":1,"y":595,"w":74,"h":31},"sourceSize":{"w":74,"h":31}},"res_GameArea_2X animation + Prize Change_00039":{"frame":{"x":1,"y":628,"w":74,"h":31},"sourceSize":{"w":74,"h":31}},"res_GameArea_2X animation + Prize Change_00040":{"frame":{"x":1,"y":661,"w":74,"h":31},"sourceSize":{"w":74,"h":31}},"res_GameArea_2X animation + Prize Change_00041":{"frame":{"x":1,"y":694,"w":74,"h":31},"sourceSize":{"w":74,"h":31}},"res_GameArea_2X animation + Prize Change_00042":{"frame":{"x":1,"y":727,"w":74,"h":31},"sourceSize":{"w":74,"h":31}},"res_GameArea_2X animation + Prize Change_00043":{"frame":{"x":1,"y":760,"w":74,"h":31},"sourceSize":{"w":74,"h":31}},"res_GameArea_1CellNum":{"frame":{"x":1,"y":793,"w":54,"h":37},"sourceSize":{"w":54,"h":37}},"res_GameArea_2CellNum":{"frame":{"x":1,"y":832,"w":54,"h":37},"sourceSize":{"w":54,"h":37}},"res_GameArea_3CellNum":{"frame":{"x":1,"y":871,"w":54,"h":37},"sourceSize":{"w":54,"h":37}},"res_GameArea_4CellNum":{"frame":{"x":1,"y":910,"w":54,"h":37},"sourceSize":{"w":54,"h":37}},"res_GameArea_5CellNum":{"frame":{"x":1,"y":949,"w":54,"h":37},"sourceSize":{"w":54,"h":37}},"res_GameArea_W_Disabled":{"frame":{"x":98,"y":1,"w":135,"h":136},"sourceSize":{"w":135,"h":136}},"res_GameArea_W_over":{"frame":{"x":235,"y":1,"w":135,"h":136},"sourceSize":{"w":135,"h":136}},"res_GameArea_W":{"frame":{"x":372,"y":1,"w":135,"h":136},"sourceSize":{"w":135,"h":136}},"res_GameArea_WINNING NUMBERS":{"frame":{"x":509,"y":1,"w":119,"h":119},"sourceSize":{"w":119,"h":119}},"res_GameArea_Pre-comp 4_00013":{"frame":{"x":630,"y":1,"w":104,"h":98},"sourceSize":{"w":104,"h":98}},"res_GameArea_Pre-comp 4_00014":{"frame":{"x":736,"y":1,"w":104,"h":98},"sourceSize":{"w":104,"h":98}},"res_GameArea_Pre-comp 4_00015":{"frame":{"x":842,"y":1,"w":104,"h":98},"sourceSize":{"w":104,"h":98}},"res_GameArea_6CellNum":{"frame":{"x":948,"y":1,"w":54,"h":37},"sourceSize":{"w":54,"h":37}},"res_GameArea_7CellNum":{"frame":{"x":948,"y":40,"w":54,"h":37},"sourceSize":{"w":54,"h":37}},"res_GameArea_8CellNum":{"frame":{"x":948,"y":79,"w":54,"h":37},"sourceSize":{"w":54,"h":37}},"res_GameArea_reveal_00020":{"frame":{"x":98,"y":139,"w":140,"h":146},"sourceSize":{"w":140,"h":146}},"res_GameArea_reveal_00021":{"frame":{"x":98,"y":287,"w":140,"h":146},"sourceSize":{"w":140,"h":146}},"res_GameArea_reveal_00022":{"frame":{"x":98,"y":435,"w":140,"h":146},"sourceSize":{"w":140,"h":146}},"res_GameArea_reveal_00023":{"frame":{"x":98,"y":583,"w":140,"h":146},"sourceSize":{"w":140,"h":146}},"res_GameArea_reveal_00024":{"frame":{"x":98,"y":731,"w":140,"h":146},"sourceSize":{"w":140,"h":146}},"res_GameArea_Pre-comp 4_00016":{"frame":{"x":98,"y":879,"w":104,"h":98},"sourceSize":{"w":104,"h":98}},"res_GameArea_9CellNum":{"frame":{"x":98,"y":979,"w":54,"h":37},"sourceSize":{"w":54,"h":37}},"res_GameArea_10CellNum":{"frame":{"x":154,"y":979,"w":54,"h":37},"sourceSize":{"w":54,"h":37}},"res_GameArea_reveal_00025":{"frame":{"x":240,"y":139,"w":140,"h":146},"sourceSize":{"w":140,"h":146}},"res_GameArea_reveal_00026":{"frame":{"x":382,"y":139,"w":140,"h":146},"sourceSize":{"w":140,"h":146}},"res_GameArea_reveal_00027":{"frame":{"x":524,"y":139,"w":140,"h":146},"sourceSize":{"w":140,"h":146}},"res_GameArea_reveal_00028":{"frame":{"x":666,"y":139,"w":140,"h":146},"sourceSize":{"w":140,"h":146}},"res_GameArea_reveal_00029":{"frame":{"x":808,"y":139,"w":140,"h":146},"sourceSize":{"w":140,"h":146}},"res_GameArea_11CellNum":{"frame":{"x":950,"y":139,"w":54,"h":37},"sourceSize":{"w":54,"h":37}},"res_GameArea_12CellNum":{"frame":{"x":950,"y":178,"w":54,"h":37},"sourceSize":{"w":54,"h":37}},"res_GameArea_13CellNum":{"frame":{"x":950,"y":217,"w":54,"h":37},"sourceSize":{"w":54,"h":37}},"res_GameArea_reveal_00030":{"frame":{"x":240,"y":287,"w":140,"h":146},"sourceSize":{"w":140,"h":146}},"res_GameArea_reveal_00031":{"frame":{"x":240,"y":435,"w":140,"h":146},"sourceSize":{"w":140,"h":146}},"res_GameArea_reveal_00032":{"frame":{"x":240,"y":583,"w":140,"h":146},"sourceSize":{"w":140,"h":146}},"res_GameArea_reveal_00033":{"frame":{"x":240,"y":731,"w":140,"h":146},"sourceSize":{"w":140,"h":146}},"res_GameArea_Pre-comp 4_00017":{"frame":{"x":240,"y":879,"w":104,"h":98},"sourceSize":{"w":104,"h":98}},"res_GameArea_14CellNum":{"frame":{"x":240,"y":979,"w":54,"h":37},"sourceSize":{"w":54,"h":37}},"res_GameArea_15CellNum":{"frame":{"x":296,"y":979,"w":54,"h":37},"sourceSize":{"w":54,"h":37}},"res_GameArea_reveal_00034":{"frame":{"x":382,"y":287,"w":140,"h":146},"sourceSize":{"w":140,"h":146}},"res_GameArea_reveal_00035":{"frame":{"x":524,"y":287,"w":140,"h":146},"sourceSize":{"w":140,"h":146}},"res_GameArea_reveal_00036":{"frame":{"x":666,"y":287,"w":140,"h":146},"sourceSize":{"w":140,"h":146}},"res_GameArea_reveal_00037":{"frame":{"x":808,"y":287,"w":140,"h":146},"sourceSize":{"w":140,"h":146}},"res_GameArea_16CellNum":{"frame":{"x":950,"y":287,"w":54,"h":37},"sourceSize":{"w":54,"h":37}},"res_GameArea_17CellNum":{"frame":{"x":950,"y":326,"w":54,"h":37},"sourceSize":{"w":54,"h":37}},"res_GameArea_18CellNum":{"frame":{"x":950,"y":365,"w":54,"h":37},"sourceSize":{"w":54,"h":37}},"res_GameArea_reveal_00038":{"frame":{"x":382,"y":435,"w":140,"h":146},"sourceSize":{"w":140,"h":146}},"res_GameArea_reveal_00039":{"frame":{"x":382,"y":583,"w":140,"h":146},"sourceSize":{"w":140,"h":146}},"res_GameArea_reveal_00040":{"frame":{"x":382,"y":731,"w":140,"h":146},"sourceSize":{"w":140,"h":146}},"res_GameArea_Pre-comp 4_00018":{"frame":{"x":382,"y":879,"w":104,"h":98},"sourceSize":{"w":104,"h":98}},"res_GameArea_19CellNum":{"frame":{"x":382,"y":979,"w":54,"h":37},"sourceSize":{"w":54,"h":37}},"res_GameArea_20CellNum":{"frame":{"x":438,"y":979,"w":54,"h":37},"sourceSize":{"w":54,"h":37}},"res_GameArea_reveal_00041":{"frame":{"x":524,"y":435,"w":140,"h":146},"sourceSize":{"w":140,"h":146}},"res_GameArea_reveal_00042":{"frame":{"x":666,"y":435,"w":140,"h":146},"sourceSize":{"w":140,"h":146}},"res_GameArea_reveal_00043":{"frame":{"x":808,"y":435,"w":140,"h":146},"sourceSize":{"w":140,"h":146}},"res_GameArea_21CellNum":{"frame":{"x":950,"y":435,"w":54,"h":37},"sourceSize":{"w":54,"h":37}},"res_GameArea_22CellNum":{"frame":{"x":950,"y":474,"w":54,"h":37},"sourceSize":{"w":54,"h":37}},"res_GameArea_23CellNum":{"frame":{"x":950,"y":513,"w":54,"h":37},"sourceSize":{"w":54,"h":37}},"res_GameArea_reveal_00044":{"frame":{"x":524,"y":583,"w":140,"h":146},"sourceSize":{"w":140,"h":146}},"res_GameArea_reveal_00045":{"frame":{"x":524,"y":731,"w":140,"h":146},"sourceSize":{"w":140,"h":146}},"res_GameArea_Pre-comp 4_00019":{"frame":{"x":524,"y":879,"w":104,"h":98},"sourceSize":{"w":104,"h":98}},"res_GameArea_24CellNum":{"frame":{"x":524,"y":979,"w":54,"h":37},"sourceSize":{"w":54,"h":37}},"res_GameArea_25CellNum":{"frame":{"x":580,"y":979,"w":54,"h":37},"sourceSize":{"w":54,"h":37}},"res_GameArea_reveal_00046":{"frame":{"x":666,"y":583,"w":140,"h":146},"sourceSize":{"w":140,"h":146}},"res_GameArea_reveal_00047":{"frame":{"x":808,"y":583,"w":140,"h":146},"sourceSize":{"w":140,"h":146}},"res_GameArea_26CellNum":{"frame":{"x":950,"y":583,"w":54,"h":37},"sourceSize":{"w":54,"h":37}},"res_GameArea_27CellNum":{"frame":{"x":950,"y":622,"w":54,"h":37},"sourceSize":{"w":54,"h":37}},"res_GameArea_28CellNum":{"frame":{"x":950,"y":661,"w":54,"h":37},"sourceSize":{"w":54,"h":37}},"res_GameArea_reveal_00048":{"frame":{"x":666,"y":731,"w":140,"h":146},"sourceSize":{"w":140,"h":146}},"res_GameArea_Pre-comp 4_00020":{"frame":{"x":666,"y":879,"w":104,"h":98},"sourceSize":{"w":104,"h":98}},"res_GameArea_29CellNum":{"frame":{"x":666,"y":979,"w":54,"h":37},"sourceSize":{"w":54,"h":37}},"res_GameArea_30CellNum":{"frame":{"x":722,"y":979,"w":54,"h":37},"sourceSize":{"w":54,"h":37}},"res_GameArea_reveal_00049":{"frame":{"x":808,"y":731,"w":140,"h":146},"sourceSize":{"w":140,"h":146}},"res_GameArea_31CellNum":{"frame":{"x":950,"y":731,"w":54,"h":37},"sourceSize":{"w":54,"h":37}},"res_GameArea_32CellNum":{"frame":{"x":950,"y":770,"w":54,"h":37},"sourceSize":{"w":54,"h":37}},"res_GameArea_33CellNum":{"frame":{"x":950,"y":809,"w":54,"h":37},"sourceSize":{"w":54,"h":37}},"res_GameArea_Pre-comp 4_00021":{"frame":{"x":808,"y":879,"w":104,"h":98},"sourceSize":{"w":104,"h":98}},"res_GameArea_34CellNum":{"frame":{"x":808,"y":979,"w":54,"h":37},"sourceSize":{"w":54,"h":37}},"res_GameArea_Pre-comp 4_00022":{"frame":{"x":914,"y":879,"w":104,"h":98},"sourceSize":{"w":104,"h":98}},"res_GameArea_35CellNum":{"frame":{"x":914,"y":979,"w":54,"h":37},"sourceSize":{"w":54,"h":37}}},"meta":{"app":"PixiAnimate","scale":1,"image":"res_GameArea_atlas_1.png","size":{"w":1024,"h":1024}}}