{"frames":{"res_GameArea_Pre-comp 3_00012_123":{"frame":{"x":1,"y":1,"w":191,"h":200},"sourceSize":{"w":191,"h":200}},"res_GameArea_Pre-comp 3_00013_123":{"frame":{"x":1,"y":203,"w":191,"h":200},"sourceSize":{"w":191,"h":200}},"res_GameArea_Pre-comp 3_00014_123":{"frame":{"x":1,"y":405,"w":191,"h":200},"sourceSize":{"w":191,"h":200}},"res_GameArea_Pre-comp 3_00015_123":{"frame":{"x":1,"y":607,"w":191,"h":200},"sourceSize":{"w":191,"h":200}},"res_GameArea_Pre-comp 3_00016_123":{"frame":{"x":1,"y":809,"w":191,"h":200},"sourceSize":{"w":191,"h":200}},"res_GameArea_Pre-comp 3_00017_123":{"frame":{"x":194,"y":1,"w":191,"h":200},"sourceSize":{"w":191,"h":200}},"res_GameArea_Pre-comp 3_00018_123":{"frame":{"x":387,"y":1,"w":191,"h":200},"sourceSize":{"w":191,"h":200}},"res_GameArea_Pre-comp 3_00019_123":{"frame":{"x":580,"y":1,"w":191,"h":200},"sourceSize":{"w":191,"h":200}},"res_GameArea_Pre-comp 3_00020_123":{"frame":{"x":773,"y":1,"w":191,"h":200},"sourceSize":{"w":191,"h":200}},"res_GameArea_Group 53405_00002_0001":{"frame":{"x":966,"y":1,"w":57,"h":42},"sourceSize":{"w":57,"h":42}},"res_GameArea_Group 53405_00003_0001":{"frame":{"x":966,"y":45,"w":57,"h":42},"sourceSize":{"w":57,"h":42}},"res_GameArea_Group 53405_00004_0001":{"frame":{"x":966,"y":89,"w":57,"h":42},"sourceSize":{"w":57,"h":42}},"res_GameArea_Group 53405_00005_0001":{"frame":{"x":966,"y":133,"w":57,"h":42},"sourceSize":{"w":57,"h":42}},"res_GameArea_Pre-comp 3_00021_123":{"frame":{"x":194,"y":203,"w":191,"h":200},"sourceSize":{"w":191,"h":200}},"res_GameArea_Pre-comp 3_00022_123":{"frame":{"x":194,"y":405,"w":191,"h":200},"sourceSize":{"w":191,"h":200}},"res_GameArea_Pre-comp 3_00023_123":{"frame":{"x":194,"y":607,"w":191,"h":200},"sourceSize":{"w":191,"h":200}},"res_GameArea_Pre-comp 3_00024_123":{"frame":{"x":194,"y":809,"w":191,"h":200},"sourceSize":{"w":191,"h":200}},"res_GameArea_Pre-comp 3_00025_123":{"frame":{"x":387,"y":203,"w":191,"h":200},"sourceSize":{"w":191,"h":200}},"res_GameArea_Pre-comp 3_00026_123":{"frame":{"x":580,"y":203,"w":191,"h":200},"sourceSize":{"w":191,"h":200}},"res_GameArea_Pre-comp 3_00027_123":{"frame":{"x":773,"y":203,"w":191,"h":200},"sourceSize":{"w":191,"h":200}},"res_GameArea_Group 53405_00006_0001":{"frame":{"x":966,"y":203,"w":57,"h":42},"sourceSize":{"w":57,"h":42}},"res_GameArea_Group 53405_00007_0001":{"frame":{"x":966,"y":247,"w":57,"h":42},"sourceSize":{"w":57,"h":42}},"res_GameArea_Pre-comp 2_00010":{"frame":{"x":966,"y":291,"w":46,"h":67},"sourceSize":{"w":46,"h":67}},"res_GameArea_Pre-comp 3_00028_123":{"frame":{"x":387,"y":405,"w":191,"h":200},"sourceSize":{"w":191,"h":200}},"res_GameArea_Pre-comp 3_00029_123":{"frame":{"x":387,"y":607,"w":191,"h":200},"sourceSize":{"w":191,"h":200}},"res_GameArea_Pre-comp 3_00030_123":{"frame":{"x":387,"y":809,"w":191,"h":200},"sourceSize":{"w":191,"h":200}},"res_GameArea_Pre-comp 3_00031_123":{"frame":{"x":580,"y":405,"w":191,"h":200},"sourceSize":{"w":191,"h":200}},"res_GameArea_Pre-comp 3_00032_123":{"frame":{"x":773,"y":405,"w":191,"h":200},"sourceSize":{"w":191,"h":200}},"res_GameArea_Pre-comp 2_00011":{"frame":{"x":966,"y":405,"w":46,"h":67},"sourceSize":{"w":46,"h":67}},"res_GameArea_cover211_1":{"frame":{"x":966,"y":474,"w":45,"h":59},"sourceSize":{"w":45,"h":59}},"res_GameArea_main_new_star111":{"frame":{"x":966,"y":535,"w":55,"h":54},"sourceSize":{"w":55,"h":54}},"res_GameArea_Pre-comp 3_00033_123":{"frame":{"x":580,"y":607,"w":191,"h":200},"sourceSize":{"w":191,"h":200}},"res_GameArea_Pre-comp 3_00034_123":{"frame":{"x":580,"y":809,"w":191,"h":200},"sourceSize":{"w":191,"h":200}},"res_GameArea_Pre-comp 3_00035_123":{"frame":{"x":773,"y":607,"w":191,"h":200},"sourceSize":{"w":191,"h":200}},"res_GameArea_main_new_look111":{"frame":{"x":966,"y":607,"w":45,"h":59},"sourceSize":{"w":45,"h":59}},"res_GameArea_main_new_NEW 3_00000_002":{"frame":{"x":966,"y":668,"w":56,"h":45},"sourceSize":{"w":56,"h":45}},"res_GameArea_main_new_NEW 3_00001_002":{"frame":{"x":966,"y":715,"w":56,"h":45},"sourceSize":{"w":56,"h":45}},"res_GameArea_main_new_NEW 3_00002_002":{"frame":{"x":966,"y":762,"w":56,"h":45},"sourceSize":{"w":56,"h":45}},"res_GameArea_Pre-comp 3_00036_123":{"frame":{"x":773,"y":809,"w":191,"h":200},"sourceSize":{"w":191,"h":200}},"res_GameArea_main_new_NEW 3_00003_002":{"frame":{"x":966,"y":809,"w":56,"h":45},"sourceSize":{"w":56,"h":45}},"res_GameArea_main_new_NEW 3_00004_002":{"frame":{"x":966,"y":856,"w":56,"h":45},"sourceSize":{"w":56,"h":45}},"res_GameArea_main_new_NEW 3_00005_002":{"frame":{"x":966,"y":903,"w":56,"h":45},"sourceSize":{"w":56,"h":45}},"res_GameArea_main_new_NEW 3_00006_002":{"frame":{"x":966,"y":950,"w":56,"h":45},"sourceSize":{"w":56,"h":45}}},"meta":{"app":"PixiAnimate","scale":1,"image":"res_GameArea_atlas_3.png","size":{"w":1024,"h":1024}}}