{"frames":{"res_GameArea_Comp 1_00008_0002":{"frame":{"x":1,"y":1,"w":642,"h":166},"sourceSize":{"w":642,"h":166}},"res_GameArea_Comp 1_00006_1":{"frame":{"x":645,"y":1,"w":130,"h":139},"sourceSize":{"w":130,"h":139}},"res_GameArea_Comp 1_00007_1":{"frame":{"x":777,"y":1,"w":130,"h":139},"sourceSize":{"w":130,"h":139}},"res_GameArea_main_new_porpel_00002":{"frame":{"x":909,"y":1,"w":90,"h":82},"sourceSize":{"w":90,"h":82}},"res_GameArea_main_new_porpel_00003":{"frame":{"x":909,"y":85,"w":90,"h":82},"sourceSize":{"w":90,"h":82}},"res_GameArea_Comp 1_00009_0002":{"frame":{"x":1,"y":169,"w":642,"h":166},"sourceSize":{"w":642,"h":166}},"res_GameArea_Comp 1_00008_1":{"frame":{"x":645,"y":169,"w":130,"h":139},"sourceSize":{"w":130,"h":139}},"res_GameArea_Comp 1_00009_1":{"frame":{"x":777,"y":169,"w":130,"h":139},"sourceSize":{"w":130,"h":139}},"res_GameArea_main_new_porpel_00005":{"frame":{"x":909,"y":169,"w":90,"h":82},"sourceSize":{"w":90,"h":82}},"res_GameArea_main_new_porpel_00006":{"frame":{"x":909,"y":253,"w":90,"h":82},"sourceSize":{"w":90,"h":82}},"res_GameArea_Comp 1_00010_0002":{"frame":{"x":1,"y":337,"w":642,"h":166},"sourceSize":{"w":642,"h":166}},"res_GameArea_Comp 1_00010_1":{"frame":{"x":645,"y":337,"w":130,"h":139},"sourceSize":{"w":130,"h":139}},"res_GameArea_Comp 1_00011_1":{"frame":{"x":777,"y":337,"w":130,"h":139},"sourceSize":{"w":130,"h":139}},"res_GameArea_main_new_porpel_00008":{"frame":{"x":909,"y":337,"w":90,"h":82},"sourceSize":{"w":90,"h":82}},"res_GameArea_main_new_porpel_00009":{"frame":{"x":909,"y":421,"w":90,"h":82},"sourceSize":{"w":90,"h":82}},"res_GameArea_Comp 1_00011_0002":{"frame":{"x":1,"y":505,"w":642,"h":166},"sourceSize":{"w":642,"h":166}},"res_GameArea_Comp 1_00012_0002":{"frame":{"x":1,"y":673,"w":642,"h":166},"sourceSize":{"w":642,"h":166}},"res_GameArea_Comp 1_00013_0002":{"frame":{"x":1,"y":841,"w":642,"h":166},"sourceSize":{"w":642,"h":166}},"res_GameArea_Comp 1_00012_1":{"frame":{"x":645,"y":505,"w":130,"h":139},"sourceSize":{"w":130,"h":139}},"res_GameArea_Comp 1_00013_1":{"frame":{"x":777,"y":505,"w":130,"h":139},"sourceSize":{"w":130,"h":139}},"res_GameArea_main_new_porpel_00011":{"frame":{"x":909,"y":505,"w":90,"h":82},"sourceSize":{"w":90,"h":82}},"res_GameArea_Comp 1_00014_1":{"frame":{"x":645,"y":646,"w":130,"h":139},"sourceSize":{"w":130,"h":139}},"res_GameArea_Comp 1_00015_1":{"frame":{"x":645,"y":787,"w":130,"h":139},"sourceSize":{"w":130,"h":139}},"res_GameArea_main_new_porpel_00012":{"frame":{"x":645,"y":928,"w":90,"h":82},"sourceSize":{"w":90,"h":82}},"res_GameArea_Comp 1_00016_1":{"frame":{"x":777,"y":646,"w":130,"h":139},"sourceSize":{"w":130,"h":139}},"res_GameArea_main_new_porpel_00014":{"frame":{"x":909,"y":646,"w":90,"h":82},"sourceSize":{"w":90,"h":82}},"res_GameArea_Comp 1_00017_1":{"frame":{"x":777,"y":787,"w":130,"h":139},"sourceSize":{"w":130,"h":139}},"res_GameArea_main_new_porpel_00015":{"frame":{"x":777,"y":928,"w":90,"h":82},"sourceSize":{"w":90,"h":82}},"res_GameArea_main_new_porpel_00017":{"frame":{"x":909,"y":787,"w":90,"h":82},"sourceSize":{"w":90,"h":82}},"res_GameArea_main_new_porpel_00018":{"frame":{"x":909,"y":871,"w":90,"h":82},"sourceSize":{"w":90,"h":82}}},"meta":{"app":"PixiAnimate","scale":1,"image":"res_GameArea_atlas_8.png","size":{"w":1024,"h":1024}}}