{"frames":{"res_GameArea_Comp 1_00006_0007":{"frame":{"x":1,"y":1,"w":210,"h":166},"sourceSize":{"w":210,"h":166}},"res_GameArea_Comp 1_00007_0007":{"frame":{"x":213,"y":1,"w":210,"h":166},"sourceSize":{"w":210,"h":166}},"res_GameArea_Comp 1_00008_0007":{"frame":{"x":425,"y":1,"w":210,"h":166},"sourceSize":{"w":210,"h":166}},"res_GameArea_Comp 1_00009_0007":{"frame":{"x":637,"y":1,"w":210,"h":166},"sourceSize":{"w":210,"h":166}},"res_GameArea_Pre-comp 2_00013":{"frame":{"x":849,"y":1,"w":92,"h":93},"sourceSize":{"w":92,"h":93}},"res_GameArea_main_new_win_001":{"frame":{"x":943,"y":1,"w":75,"h":73},"sourceSize":{"w":75,"h":73}},"res_GameArea_Comp 1_00010_0007":{"frame":{"x":1,"y":169,"w":210,"h":166},"sourceSize":{"w":210,"h":166}},"res_GameArea_Comp 1_00011_0007":{"frame":{"x":1,"y":337,"w":210,"h":166},"sourceSize":{"w":210,"h":166}},"res_GameArea_Comp 1_00012_0007":{"frame":{"x":1,"y":505,"w":210,"h":166},"sourceSize":{"w":210,"h":166}},"res_GameArea_Comp 1_00013_0007":{"frame":{"x":1,"y":673,"w":210,"h":166},"sourceSize":{"w":210,"h":166}},"res_GameArea_Comp 1_00014_0007":{"frame":{"x":1,"y":841,"w":210,"h":166},"sourceSize":{"w":210,"h":166}},"res_GameArea_Comp 1_00015_0007":{"frame":{"x":213,"y":169,"w":210,"h":166},"sourceSize":{"w":210,"h":166}},"res_GameArea_Pre-comp 2_00014":{"frame":{"x":425,"y":169,"w":92,"h":93},"sourceSize":{"w":92,"h":93}},"res_GameArea_main_new_star_00000_001":{"frame":{"x":519,"y":169,"w":118,"h":117},"sourceSize":{"w":118,"h":117}},"res_GameArea_main_new_star_00000_001111":{"frame":{"x":639,"y":169,"w":118,"h":117},"sourceSize":{"w":118,"h":117}},"res_GameArea_star_new_v2":{"frame":{"x":759,"y":169,"w":123,"h":118},"sourceSize":{"w":123,"h":118}},"res_GameArea_Comp 1_00001_1":{"frame":{"x":884,"y":169,"w":130,"h":139},"sourceSize":{"w":130,"h":139}},"res_GameArea_Comp 1_00004_0002":{"frame":{"x":213,"y":337,"w":642,"h":166},"sourceSize":{"w":642,"h":166}},"res_GameArea_Comp 1_00002_1":{"frame":{"x":857,"y":337,"w":130,"h":139},"sourceSize":{"w":130,"h":139}},"res_GameArea_Comp 1_00005_0002":{"frame":{"x":213,"y":505,"w":642,"h":166},"sourceSize":{"w":642,"h":166}},"res_GameArea_Comp 1_00003_1":{"frame":{"x":857,"y":505,"w":130,"h":139},"sourceSize":{"w":130,"h":139}},"res_GameArea_Comp 1_00006_0002":{"frame":{"x":213,"y":673,"w":642,"h":166},"sourceSize":{"w":642,"h":166}},"res_GameArea_Comp 1_00004_1":{"frame":{"x":857,"y":673,"w":130,"h":139},"sourceSize":{"w":130,"h":139}},"res_GameArea_Comp 1_00007_0002":{"frame":{"x":213,"y":841,"w":642,"h":166},"sourceSize":{"w":642,"h":166}},"res_GameArea_Comp 1_00005_1":{"frame":{"x":857,"y":841,"w":130,"h":139},"sourceSize":{"w":130,"h":139}}},"meta":{"app":"PixiAnimate","scale":1,"image":"res_GameArea_atlas_7.png","size":{"w":1024,"h":1024}}}