{"frames":{"res_GameArea_Pre-comp 2_00018_1":{"frame":{"x":1,"y":1,"w":140,"h":102},"sourceSize":{"w":140,"h":102}},"res_GameArea_Pre-comp 2_00019_1":{"frame":{"x":143,"y":1,"w":140,"h":102},"sourceSize":{"w":140,"h":102}},"res_GameArea_Pre-comp 2_00020_1":{"frame":{"x":285,"y":1,"w":140,"h":102},"sourceSize":{"w":140,"h":102}},"res_GameArea_Pre-comp 2_00021_1":{"frame":{"x":427,"y":1,"w":140,"h":102},"sourceSize":{"w":140,"h":102}},"res_GameArea_Pre-comp 2_00025_1":{"frame":{"x":569,"y":1,"w":140,"h":102},"sourceSize":{"w":140,"h":102}},"res_GameArea_Pre-comp 2_00026_1":{"frame":{"x":711,"y":1,"w":140,"h":102},"sourceSize":{"w":140,"h":102}},"res_GameArea_Pre-comp 2_00027_1":{"frame":{"x":853,"y":1,"w":140,"h":102},"sourceSize":{"w":140,"h":102}},"res_GameArea_Pre-comp 2_00028_1":{"frame":{"x":1,"y":105,"w":140,"h":102},"sourceSize":{"w":140,"h":102}},"res_GameArea_Pre-comp 2_00029_1":{"frame":{"x":1,"y":209,"w":140,"h":102},"sourceSize":{"w":140,"h":102}},"res_GameArea_Pre-comp 2_00030_1":{"frame":{"x":1,"y":313,"w":140,"h":102},"sourceSize":{"w":140,"h":102}},"res_GameArea_Pre-comp 2_00031_1":{"frame":{"x":1,"y":417,"w":140,"h":102},"sourceSize":{"w":140,"h":102}},"res_GameArea_Pre-comp 2_00032_1":{"frame":{"x":1,"y":521,"w":140,"h":102},"sourceSize":{"w":140,"h":102}},"res_GameArea_Pre-comp 2_00033_1":{"frame":{"x":1,"y":625,"w":140,"h":102},"sourceSize":{"w":140,"h":102}},"res_GameArea_Pre-comp 2_00034_1":{"frame":{"x":1,"y":729,"w":140,"h":102},"sourceSize":{"w":140,"h":102}},"res_GameArea_Pre-comp 2_00035_1":{"frame":{"x":1,"y":833,"w":140,"h":102},"sourceSize":{"w":140,"h":102}},"res_GameArea_main_new_star":{"frame":{"x":1,"y":937,"w":55,"h":54},"sourceSize":{"w":55,"h":54}},"res_GameArea_NEW WINING_2":{"frame":{"x":58,"y":937,"w":80,"h":75},"sourceSize":{"w":80,"h":75}},"res_GameArea_Pre-comp 2_00036_1":{"frame":{"x":143,"y":105,"w":140,"h":102},"sourceSize":{"w":140,"h":102}},"res_GameArea_Pre-comp 2_00037_1":{"frame":{"x":285,"y":105,"w":140,"h":102},"sourceSize":{"w":140,"h":102}},"res_GameArea_Pre-comp 2_00038_1":{"frame":{"x":427,"y":105,"w":140,"h":102},"sourceSize":{"w":140,"h":102}},"res_GameArea_Pre-comp 2_00039_1":{"frame":{"x":569,"y":105,"w":140,"h":102},"sourceSize":{"w":140,"h":102}},"res_GameArea_Pre-comp 2_00040_1":{"frame":{"x":711,"y":105,"w":140,"h":102},"sourceSize":{"w":140,"h":102}},"res_GameArea_Pre-comp 2_00041_1":{"frame":{"x":853,"y":105,"w":140,"h":102},"sourceSize":{"w":140,"h":102}},"res_GameArea_Comp 1_00012_0001":{"frame":{"x":143,"y":209,"w":178,"h":167},"sourceSize":{"w":178,"h":167}},"res_GameArea_Comp 1_00013_0001":{"frame":{"x":143,"y":378,"w":178,"h":167},"sourceSize":{"w":178,"h":167}},"res_GameArea_Comp 1_00014_0001":{"frame":{"x":143,"y":547,"w":178,"h":167},"sourceSize":{"w":178,"h":167}},"res_GameArea_Comp 1_00015_0001":{"frame":{"x":143,"y":716,"w":178,"h":167},"sourceSize":{"w":178,"h":167}},"res_GameArea_Pre-comp 2_00006_0006":{"frame":{"x":143,"y":885,"w":92,"h":93},"sourceSize":{"w":92,"h":93}},"res_GameArea_NEW WINING_0006":{"frame":{"x":237,"y":885,"w":79,"h":74},"sourceSize":{"w":79,"h":74}},"res_GameArea_star":{"frame":{"x":237,"y":961,"w":55,"h":54},"sourceSize":{"w":55,"h":54}},"res_GameArea_Comp 1_00016_0001":{"frame":{"x":323,"y":209,"w":178,"h":167},"sourceSize":{"w":178,"h":167}},"res_GameArea_Comp 1_00017_0001":{"frame":{"x":503,"y":209,"w":178,"h":167},"sourceSize":{"w":178,"h":167}},"res_GameArea_Comp 1_00018_0001":{"frame":{"x":683,"y":209,"w":178,"h":167},"sourceSize":{"w":178,"h":167}},"res_GameArea_Pre-comp 2_00007_0006":{"frame":{"x":863,"y":209,"w":92,"h":93},"sourceSize":{"w":92,"h":93}},"res_GameArea_main_new_Layer 33988111":{"frame":{"x":863,"y":304,"w":71,"h":69},"sourceSize":{"w":71,"h":69}},"res_GameArea_Comp 1_00019_0001":{"frame":{"x":323,"y":378,"w":178,"h":167},"sourceSize":{"w":178,"h":167}},"res_GameArea_Group 53405_0002":{"frame":{"x":323,"y":547,"w":118,"h":185},"sourceSize":{"w":118,"h":185}},"res_GameArea_Group 2":{"frame":{"x":323,"y":734,"w":134,"h":179},"sourceSize":{"w":134,"h":179}},"res_GameArea_Pre-comp 2_00008_0006":{"frame":{"x":323,"y":915,"w":92,"h":93},"sourceSize":{"w":92,"h":93}},"res_GameArea_main_new_Hue_Saturation 611":{"frame":{"x":417,"y":915,"w":81,"h":78},"sourceSize":{"w":81,"h":78}},"res_GameArea_Layer 71_0002":{"frame":{"x":503,"y":378,"w":317,"h":295},"sourceSize":{"w":317,"h":295}},"res_GameArea_Comp 1_00011_0005":{"frame":{"x":822,"y":378,"w":178,"h":167},"sourceSize":{"w":178,"h":167}},"res_GameArea_Pre-comp 2_00009_0006":{"frame":{"x":822,"y":547,"w":92,"h":93},"sourceSize":{"w":92,"h":93}},"res_GameArea_Pre-comp 2_00010_0006":{"frame":{"x":916,"y":547,"w":92,"h":93},"sourceSize":{"w":92,"h":93}},"res_GameArea_Comp 1_00012_0005":{"frame":{"x":503,"y":675,"w":178,"h":167},"sourceSize":{"w":178,"h":167}},"res_GameArea_Comp 1_00013_0005":{"frame":{"x":503,"y":844,"w":178,"h":167},"sourceSize":{"w":178,"h":167}},"res_GameArea_Comp 1_00014_0005":{"frame":{"x":683,"y":675,"w":178,"h":167},"sourceSize":{"w":178,"h":167}},"res_GameArea_Pre-comp 2_00011_0006":{"frame":{"x":863,"y":675,"w":92,"h":93},"sourceSize":{"w":92,"h":93}},"res_GameArea_Comp 1_00018_0006":{"frame":{"x":683,"y":844,"w":178,"h":167},"sourceSize":{"w":178,"h":167}},"res_GameArea_Pre-comp 2_00012":{"frame":{"x":863,"y":844,"w":92,"h":93},"sourceSize":{"w":92,"h":93}},"res_GameArea_main_new_porpel_00000":{"frame":{"x":863,"y":939,"w":90,"h":82},"sourceSize":{"w":90,"h":82}}},"meta":{"app":"PixiAnimate","scale":1,"image":"res_GameArea_atlas_6.png","size":{"w":1024,"h":1024}}}