{"frames":{"res_GameArea_reveal_00050":{"frame":{"x":1,"y":1,"w":140,"h":146},"sourceSize":{"w":140,"h":146}},"res_GameArea_reveal_00051":{"frame":{"x":1,"y":149,"w":140,"h":146},"sourceSize":{"w":140,"h":146}},"res_GameArea_reveal_00052":{"frame":{"x":1,"y":297,"w":140,"h":146},"sourceSize":{"w":140,"h":146}},"res_GameArea_reveal_00053":{"frame":{"x":1,"y":445,"w":140,"h":146},"sourceSize":{"w":140,"h":146}},"res_GameArea_reveal_00054":{"frame":{"x":1,"y":593,"w":140,"h":146},"sourceSize":{"w":140,"h":146}},"res_GameArea_reveal_00055":{"frame":{"x":1,"y":741,"w":140,"h":146},"sourceSize":{"w":140,"h":146}},"res_GameArea_Pre-comp 4_00023":{"frame":{"x":1,"y":889,"w":104,"h":98},"sourceSize":{"w":104,"h":98}},"res_GameArea_reveal_00056":{"frame":{"x":143,"y":1,"w":140,"h":146},"sourceSize":{"w":140,"h":146}},"res_GameArea_reveal_00057":{"frame":{"x":285,"y":1,"w":140,"h":146},"sourceSize":{"w":140,"h":146}},"res_GameArea_reveal_00058":{"frame":{"x":427,"y":1,"w":140,"h":146},"sourceSize":{"w":140,"h":146}},"res_GameArea_reveal_00059":{"frame":{"x":569,"y":1,"w":140,"h":146},"sourceSize":{"w":140,"h":146}},"res_GameArea_reveal_00060":{"frame":{"x":711,"y":1,"w":140,"h":146},"sourceSize":{"w":140,"h":146}},"res_GameArea_reveal_00061":{"frame":{"x":853,"y":1,"w":140,"h":146},"sourceSize":{"w":140,"h":146}},"res_GameArea_reveal_00062":{"frame":{"x":143,"y":149,"w":140,"h":146},"sourceSize":{"w":140,"h":146}},"res_GameArea_reveal_00063":{"frame":{"x":143,"y":297,"w":140,"h":146},"sourceSize":{"w":140,"h":146}},"res_GameArea_Pre-comp 4_00024":{"frame":{"x":143,"y":445,"w":104,"h":98},"sourceSize":{"w":104,"h":98}},"res_GameArea_36CellNum":{"frame":{"x":143,"y":545,"w":54,"h":37},"sourceSize":{"w":54,"h":37}},"res_GameArea_37CellNum":{"frame":{"x":199,"y":545,"w":54,"h":37},"sourceSize":{"w":54,"h":37}},"res_GameArea_38CellNum":{"frame":{"x":143,"y":584,"w":54,"h":37},"sourceSize":{"w":54,"h":37}},"res_GameArea_39CellNum":{"frame":{"x":199,"y":584,"w":54,"h":37},"sourceSize":{"w":54,"h":37}},"res_GameArea_40CellNum":{"frame":{"x":143,"y":623,"w":54,"h":37},"sourceSize":{"w":54,"h":37}},"res_GameArea_main_new_Pre-comp 4_00013":{"frame":{"x":143,"y":662,"w":104,"h":98},"sourceSize":{"w":104,"h":98}},"res_GameArea_main_new_Pre-comp 4_00014":{"frame":{"x":143,"y":762,"w":104,"h":98},"sourceSize":{"w":104,"h":98}},"res_GameArea_main_new_Pre-comp 4_00015":{"frame":{"x":143,"y":862,"w":104,"h":98},"sourceSize":{"w":104,"h":98}},"res_GameArea_Group 53405_00000_0001":{"frame":{"x":143,"y":962,"w":57,"h":42},"sourceSize":{"w":57,"h":42}},"res_GameArea_Group 53405_00001_0001":{"frame":{"x":202,"y":962,"w":57,"h":42},"sourceSize":{"w":57,"h":42}},"res_GameArea_Pre-comp 3_00000_123":{"frame":{"x":285,"y":149,"w":191,"h":200},"sourceSize":{"w":191,"h":200}},"res_GameArea_Pre-comp 3_00001_123":{"frame":{"x":478,"y":149,"w":191,"h":200},"sourceSize":{"w":191,"h":200}},"res_GameArea_Pre-comp 3_00002_123":{"frame":{"x":671,"y":149,"w":191,"h":200},"sourceSize":{"w":191,"h":200}},"res_GameArea_main_new_Pre-comp 4_00016":{"frame":{"x":864,"y":149,"w":104,"h":98},"sourceSize":{"w":104,"h":98}},"res_GameArea_Group 53405_00000_0002":{"frame":{"x":970,"y":149,"w":44,"h":45},"sourceSize":{"w":44,"h":45}},"res_GameArea_Group 53405_00001_0002":{"frame":{"x":970,"y":196,"w":44,"h":45},"sourceSize":{"w":44,"h":45}},"res_GameArea_main_new_Pre-comp 4_00017":{"frame":{"x":864,"y":249,"w":104,"h":98},"sourceSize":{"w":104,"h":98}},"res_GameArea_Group 53405_00002_0002":{"frame":{"x":970,"y":249,"w":44,"h":45},"sourceSize":{"w":44,"h":45}},"res_GameArea_Group 53405_00003_0002":{"frame":{"x":970,"y":296,"w":44,"h":45},"sourceSize":{"w":44,"h":45}},"res_GameArea_Pre-comp 3_00003_123":{"frame":{"x":285,"y":351,"w":191,"h":200},"sourceSize":{"w":191,"h":200}},"res_GameArea_Pre-comp 3_00004_123":{"frame":{"x":285,"y":553,"w":191,"h":200},"sourceSize":{"w":191,"h":200}},"res_GameArea_Pre-comp 3_00005_123":{"frame":{"x":285,"y":755,"w":191,"h":200},"sourceSize":{"w":191,"h":200}},"res_GameArea_Pre-comp 5_00006_0007":{"frame":{"x":285,"y":957,"w":147,"h":43},"sourceSize":{"w":147,"h":43}},"res_GameArea_Pre-comp 3_00006_123":{"frame":{"x":478,"y":351,"w":191,"h":200},"sourceSize":{"w":191,"h":200}},"res_GameArea_Pre-comp 3_00007_123":{"frame":{"x":671,"y":351,"w":191,"h":200},"sourceSize":{"w":191,"h":200}},"res_GameArea_main_new_Pre-comp 4_00018":{"frame":{"x":864,"y":351,"w":104,"h":98},"sourceSize":{"w":104,"h":98}},"res_GameArea_Group 53405_00004_0002":{"frame":{"x":970,"y":351,"w":44,"h":45},"sourceSize":{"w":44,"h":45}},"res_GameArea_Group 53405_00005_0002":{"frame":{"x":970,"y":398,"w":44,"h":45},"sourceSize":{"w":44,"h":45}},"res_GameArea_main_new_Pre-comp 4_00019":{"frame":{"x":864,"y":451,"w":104,"h":98},"sourceSize":{"w":104,"h":98}},"res_GameArea_Group 53405_00006_0002":{"frame":{"x":970,"y":451,"w":44,"h":45},"sourceSize":{"w":44,"h":45}},"res_GameArea_Group 53405_00007_0002":{"frame":{"x":970,"y":498,"w":44,"h":45},"sourceSize":{"w":44,"h":45}},"res_GameArea_Pre-comp 3_00008_123":{"frame":{"x":478,"y":553,"w":191,"h":200},"sourceSize":{"w":191,"h":200}},"res_GameArea_Pre-comp 3_00009_123":{"frame":{"x":478,"y":755,"w":191,"h":200},"sourceSize":{"w":191,"h":200}},"res_GameArea_Pre-comp 5_00007_0007":{"frame":{"x":478,"y":957,"w":147,"h":43},"sourceSize":{"w":147,"h":43}},"res_GameArea_Pre-comp 3_00010_123":{"frame":{"x":671,"y":553,"w":191,"h":200},"sourceSize":{"w":191,"h":200}},"res_GameArea_main_new_Pre-comp 4_00020":{"frame":{"x":864,"y":553,"w":104,"h":98},"sourceSize":{"w":104,"h":98}},"res_GameArea_main_new_cover211_0016111":{"frame":{"x":970,"y":553,"w":45,"h":59},"sourceSize":{"w":45,"h":59}},"res_GameArea_main_new_Pre-comp 4_00021":{"frame":{"x":864,"y":653,"w":104,"h":98},"sourceSize":{"w":104,"h":98}},"res_GameArea_Pre-comp 2_00003":{"frame":{"x":970,"y":653,"w":46,"h":67},"sourceSize":{"w":46,"h":67}},"res_GameArea_Pre-comp 3_00011_123":{"frame":{"x":671,"y":755,"w":191,"h":200},"sourceSize":{"w":191,"h":200}},"res_GameArea_Pre-comp 5_00008_0007":{"frame":{"x":671,"y":957,"w":147,"h":43},"sourceSize":{"w":147,"h":43}},"res_GameArea_main_new_Pre-comp 4_00022":{"frame":{"x":864,"y":755,"w":104,"h":98},"sourceSize":{"w":104,"h":98}},"res_GameArea_Pre-comp 2_00008":{"frame":{"x":970,"y":755,"w":46,"h":67},"sourceSize":{"w":46,"h":67}},"res_GameArea_main_new_Pre-comp 4_00023":{"frame":{"x":864,"y":855,"w":104,"h":98},"sourceSize":{"w":104,"h":98}},"res_GameArea_Pre-comp 2_00009":{"frame":{"x":970,"y":855,"w":46,"h":67},"sourceSize":{"w":46,"h":67}},"res_GameArea_Pre-comp 5_00009_0007":{"frame":{"x":864,"y":955,"w":147,"h":43},"sourceSize":{"w":147,"h":43}}},"meta":{"app":"PixiAnimate","scale":1,"image":"res_GameArea_atlas_2.png","size":{"w":1024,"h":1024}}}