{"frames":{"res_GameArea_Comp 1_00014_0002":{"frame":{"x":1,"y":1,"w":642,"h":166},"sourceSize":{"w":642,"h":166}},"res_GameArea_Comp 1_00018_1":{"frame":{"x":645,"y":1,"w":130,"h":139},"sourceSize":{"w":130,"h":139}},"res_GameArea_Comp 1_00019_1":{"frame":{"x":777,"y":1,"w":130,"h":139},"sourceSize":{"w":130,"h":139}},"res_GameArea_main_new_porpel_00020":{"frame":{"x":909,"y":1,"w":90,"h":82},"sourceSize":{"w":90,"h":82}},"res_GameArea_main_new_porpel_00021":{"frame":{"x":909,"y":85,"w":90,"h":82},"sourceSize":{"w":90,"h":82}},"res_GameArea_Comp 1_00015_0002":{"frame":{"x":1,"y":169,"w":642,"h":166},"sourceSize":{"w":642,"h":166}},"res_GameArea_Comp 1_00020_1":{"frame":{"x":645,"y":169,"w":130,"h":139},"sourceSize":{"w":130,"h":139}},"res_GameArea_Comp 1_00021_1":{"frame":{"x":777,"y":169,"w":130,"h":139},"sourceSize":{"w":130,"h":139}},"res_GameArea_main_new_porpel_00023":{"frame":{"x":909,"y":169,"w":90,"h":82},"sourceSize":{"w":90,"h":82}},"res_GameArea_main_new_porpel_00024":{"frame":{"x":909,"y":253,"w":90,"h":82},"sourceSize":{"w":90,"h":82}},"res_GameArea_main_new_porpel_00026":{"frame":{"x":1,"y":337,"w":90,"h":82},"sourceSize":{"w":90,"h":82}},"res_GameArea_main_new_porpel_00031":{"frame":{"x":1,"y":421,"w":90,"h":82},"sourceSize":{"w":90,"h":82}},"res_GameArea_Hue_Saturation 61_1":{"frame":{"x":1,"y":505,"w":81,"h":78},"sourceSize":{"w":81,"h":78}}},"meta":{"app":"PixiAnimate","scale":1,"image":"res_GameArea_atlas_9.png","size":{"w":1024,"h":1024}}}