{"frames":{"res_GameArea_Pre-comp 5_00010_0007":{"frame":{"x":1,"y":1,"w":147,"h":43},"sourceSize":{"w":147,"h":43}},"res_GameArea_Pre-comp 5_00011_0007":{"frame":{"x":150,"y":1,"w":147,"h":43},"sourceSize":{"w":147,"h":43}},"res_GameArea_Pre-comp 5_00012_0007":{"frame":{"x":299,"y":1,"w":147,"h":43},"sourceSize":{"w":147,"h":43}},"res_GameArea_Pre-comp 5_00013_0007":{"frame":{"x":448,"y":1,"w":147,"h":43},"sourceSize":{"w":147,"h":43}},"res_GameArea_Pre-comp 5_00014_0007":{"frame":{"x":597,"y":1,"w":147,"h":43},"sourceSize":{"w":147,"h":43}},"res_GameArea_Pre-comp 5_00015_0007":{"frame":{"x":746,"y":1,"w":147,"h":43},"sourceSize":{"w":147,"h":43}},"res_GameArea_Pre-comp 5_00016_0007":{"frame":{"x":1,"y":46,"w":147,"h":43},"sourceSize":{"w":147,"h":43}},"res_GameArea_Pre-comp 5_00017_0007":{"frame":{"x":150,"y":46,"w":147,"h":43},"sourceSize":{"w":147,"h":43}},"res_GameArea_Pre-comp 5_00018_0007":{"frame":{"x":299,"y":46,"w":147,"h":43},"sourceSize":{"w":147,"h":43}},"res_GameArea_Pre-comp 5_00019_0007":{"frame":{"x":448,"y":46,"w":147,"h":43},"sourceSize":{"w":147,"h":43}},"res_GameArea_Pre-comp 5_00002":{"frame":{"x":1,"y":91,"w":162,"h":127},"sourceSize":{"w":162,"h":127}},"res_GameArea_Pre-comp 5_00003":{"frame":{"x":1,"y":220,"w":162,"h":127},"sourceSize":{"w":162,"h":127}},"res_GameArea_Pre-comp 5_00004":{"frame":{"x":1,"y":349,"w":162,"h":127},"sourceSize":{"w":162,"h":127}},"res_GameArea_Group 1 copy_00001_00007_0006":{"frame":{"x":1,"y":478,"w":127,"h":112},"sourceSize":{"w":127,"h":112}},"res_GameArea_Group 1 copy_00001_00008_0006":{"frame":{"x":1,"y":592,"w":127,"h":112},"sourceSize":{"w":127,"h":112}},"res_GameArea_Group 1 copy_00001_00009_0006":{"frame":{"x":1,"y":706,"w":127,"h":112},"sourceSize":{"w":127,"h":112}},"res_GameArea_Group 1 copy_00001_00010_0006":{"frame":{"x":1,"y":820,"w":127,"h":112},"sourceSize":{"w":127,"h":112}},"res_GameArea_HouseNumHitArea":{"frame":{"x":1,"y":934,"w":69,"h":69},"sourceSize":{"w":69,"h":69}},"res_GameArea_main_new_NEW 3_00007_002":{"frame":{"x":72,"y":934,"w":56,"h":45},"sourceSize":{"w":56,"h":45}},"res_GameArea_Group 1 copy_00001_00011_0006":{"frame":{"x":165,"y":91,"w":127,"h":112},"sourceSize":{"w":127,"h":112}},"res_GameArea_Group 1 copy_00001_00012_0006":{"frame":{"x":294,"y":91,"w":127,"h":112},"sourceSize":{"w":127,"h":112}},"res_GameArea_Group 1 copy_00001_00013_0006":{"frame":{"x":423,"y":91,"w":127,"h":112},"sourceSize":{"w":127,"h":112}},"res_GameArea_Group 1 copy_00001_00014_0006":{"frame":{"x":552,"y":91,"w":127,"h":112},"sourceSize":{"w":127,"h":112}},"res_GameArea_Group 1 copy_00001_00015_0006":{"frame":{"x":681,"y":91,"w":127,"h":112},"sourceSize":{"w":127,"h":112}},"res_GameArea_Group 1 copy_00001_00016_0006":{"frame":{"x":810,"y":91,"w":127,"h":112},"sourceSize":{"w":127,"h":112}},"res_GameArea_main_new_NEW 3_00008_002":{"frame":{"x":939,"y":91,"w":56,"h":45},"sourceSize":{"w":56,"h":45}},"res_GameArea_main_new_NEW 3_00009_002":{"frame":{"x":939,"y":138,"w":56,"h":45},"sourceSize":{"w":56,"h":45}},"res_GameArea_Group 1 copy_00001_00017_0006":{"frame":{"x":165,"y":205,"w":127,"h":112},"sourceSize":{"w":127,"h":112}},"res_GameArea_Group 1 copy_00001_00018_0006":{"frame":{"x":165,"y":319,"w":127,"h":112},"sourceSize":{"w":127,"h":112}},"res_GameArea_Group 1 copy_00001_00019_0006":{"frame":{"x":165,"y":433,"w":127,"h":112},"sourceSize":{"w":127,"h":112}},"res_GameArea_Group 1 copy_00001_00020_0006":{"frame":{"x":165,"y":547,"w":127,"h":112},"sourceSize":{"w":127,"h":112}},"res_GameArea_Group 1 copy_00001_00021_0006":{"frame":{"x":165,"y":661,"w":127,"h":112},"sourceSize":{"w":127,"h":112}},"res_GameArea_Group 1 copy_00001_00022_0006":{"frame":{"x":165,"y":775,"w":127,"h":112},"sourceSize":{"w":127,"h":112}},"res_GameArea_Group 1 copy_00001_00023_0006":{"frame":{"x":165,"y":889,"w":127,"h":112},"sourceSize":{"w":127,"h":112}},"res_GameArea_Group 1 copy_00001_00024_0006":{"frame":{"x":294,"y":205,"w":127,"h":112},"sourceSize":{"w":127,"h":112}},"res_GameArea_Group 1 copy_00001_00025_0006":{"frame":{"x":423,"y":205,"w":127,"h":112},"sourceSize":{"w":127,"h":112}},"res_GameArea_Group 1 copy_00001_00026_0006":{"frame":{"x":552,"y":205,"w":127,"h":112},"sourceSize":{"w":127,"h":112}},"res_GameArea_Group 1 copy_00001_00027_0006":{"frame":{"x":681,"y":205,"w":127,"h":112},"sourceSize":{"w":127,"h":112}},"res_GameArea_Group 1 copy_00001_00028_0006":{"frame":{"x":810,"y":205,"w":127,"h":112},"sourceSize":{"w":127,"h":112}},"res_GameArea_main_new_NEW 3_00010_002":{"frame":{"x":939,"y":205,"w":56,"h":45},"sourceSize":{"w":56,"h":45}},"res_GameArea_main_new_NEW 3_00011_002":{"frame":{"x":939,"y":252,"w":56,"h":45},"sourceSize":{"w":56,"h":45}},"res_GameArea_Group 1 copy_00001_00029_0006":{"frame":{"x":294,"y":319,"w":127,"h":112},"sourceSize":{"w":127,"h":112}},"res_GameArea_Group 1 copy_00001_00030_0006":{"frame":{"x":294,"y":433,"w":127,"h":112},"sourceSize":{"w":127,"h":112}},"res_GameArea_Group 1 copy_00001_00031_0006":{"frame":{"x":294,"y":547,"w":127,"h":112},"sourceSize":{"w":127,"h":112}},"res_GameArea_Group 1 copy_00001_00032_0006":{"frame":{"x":294,"y":661,"w":127,"h":112},"sourceSize":{"w":127,"h":112}},"res_GameArea_Group 1 copy_00001_00033_0006":{"frame":{"x":294,"y":775,"w":127,"h":112},"sourceSize":{"w":127,"h":112}},"res_GameArea_Group 1 copy_00001_00000_0006":{"frame":{"x":294,"y":889,"w":127,"h":112},"sourceSize":{"w":127,"h":112}},"res_GameArea_Group 1 copy_00001_00001_0006":{"frame":{"x":423,"y":319,"w":127,"h":112},"sourceSize":{"w":127,"h":112}},"res_GameArea_Group 1 copy_00001_00004_0006":{"frame":{"x":552,"y":319,"w":127,"h":112},"sourceSize":{"w":127,"h":112}},"res_GameArea_Group 1 copy_00001_00005_0006":{"frame":{"x":681,"y":319,"w":127,"h":112},"sourceSize":{"w":127,"h":112}},"res_GameArea_Group 1 copy_00001_00034_0006":{"frame":{"x":810,"y":319,"w":127,"h":112},"sourceSize":{"w":127,"h":112}},"res_GameArea_main_new_NEW 3_00012_002":{"frame":{"x":939,"y":319,"w":56,"h":45},"sourceSize":{"w":56,"h":45}},"res_GameArea_main_new_NEW 3_00013_002":{"frame":{"x":939,"y":366,"w":56,"h":45},"sourceSize":{"w":56,"h":45}},"res_GameArea_Group 1 copy_00001_00035_0006":{"frame":{"x":423,"y":433,"w":127,"h":112},"sourceSize":{"w":127,"h":112}},"res_GameArea_Group 1 copy_00001_00036_0006":{"frame":{"x":552,"y":433,"w":127,"h":112},"sourceSize":{"w":127,"h":112}},"res_GameArea_Group 1 copy_00001_00037_0006":{"frame":{"x":681,"y":433,"w":127,"h":112},"sourceSize":{"w":127,"h":112}},"res_GameArea_Group 1 copy_00001_00038_0006":{"frame":{"x":810,"y":433,"w":127,"h":112},"sourceSize":{"w":127,"h":112}},"res_GameArea_main_new_NEW 3_00014_002":{"frame":{"x":939,"y":433,"w":56,"h":45},"sourceSize":{"w":56,"h":45}},"res_GameArea_main_new_NEW 3_00015_002":{"frame":{"x":939,"y":480,"w":56,"h":45},"sourceSize":{"w":56,"h":45}},"res_GameArea_Group 1 copy_00001_00039_0006":{"frame":{"x":423,"y":547,"w":127,"h":112},"sourceSize":{"w":127,"h":112}},"res_GameArea_Group 1 copy_00001_00040_0006":{"frame":{"x":423,"y":661,"w":127,"h":112},"sourceSize":{"w":127,"h":112}},"res_GameArea_Group 1 copy_00001_00041_0006":{"frame":{"x":423,"y":775,"w":127,"h":112},"sourceSize":{"w":127,"h":112}},"res_GameArea_Group 1 copy_00001_00042_0006":{"frame":{"x":423,"y":889,"w":127,"h":112},"sourceSize":{"w":127,"h":112}},"res_GameArea_main_new_Layer 71_0016":{"frame":{"x":552,"y":547,"w":317,"h":295},"sourceSize":{"w":317,"h":295}},"res_GameArea_Pre-comp 2_00013_1":{"frame":{"x":871,"y":547,"w":140,"h":102},"sourceSize":{"w":140,"h":102}},"res_GameArea_Pre-comp 2_00014_1":{"frame":{"x":871,"y":651,"w":140,"h":102},"sourceSize":{"w":140,"h":102}},"res_GameArea_main_new_NEW 3_00016_002":{"frame":{"x":871,"y":755,"w":56,"h":45},"sourceSize":{"w":56,"h":45}},"res_GameArea_main_new_NEW 3_00017_002":{"frame":{"x":929,"y":755,"w":56,"h":45},"sourceSize":{"w":56,"h":45}},"res_GameArea_Pre-comp 2_00015_1":{"frame":{"x":552,"y":844,"w":140,"h":102},"sourceSize":{"w":140,"h":102}},"res_GameArea_main_new_NEW 3_00018_002":{"frame":{"x":552,"y":948,"w":56,"h":45},"sourceSize":{"w":56,"h":45}},"res_GameArea_main_new_NEW 3_00019_002":{"frame":{"x":610,"y":948,"w":56,"h":45},"sourceSize":{"w":56,"h":45}},"res_GameArea_Pre-comp 2_00016_1":{"frame":{"x":694,"y":844,"w":140,"h":102},"sourceSize":{"w":140,"h":102}},"res_GameArea_main_new_NEW 3_00020_002":{"frame":{"x":694,"y":948,"w":56,"h":45},"sourceSize":{"w":56,"h":45}},"res_GameArea_main_new_NEW 3_00021_002":{"frame":{"x":752,"y":948,"w":56,"h":45},"sourceSize":{"w":56,"h":45}},"res_GameArea_Pre-comp 2_00017_1":{"frame":{"x":836,"y":844,"w":140,"h":102},"sourceSize":{"w":140,"h":102}},"res_GameArea_main_new_NEW 3_00022_002":{"frame":{"x":836,"y":948,"w":56,"h":45},"sourceSize":{"w":56,"h":45}},"res_GameArea_main_new_RAIZ_001":{"frame":{"x":894,"y":948,"w":108,"h":71},"sourceSize":{"w":108,"h":71}}},"meta":{"app":"PixiAnimate","scale":1,"image":"res_GameArea_atlas_5.png","size":{"w":1024,"h":1024}}}