{"frames":{"res_MainGame_bg":{"frame":{"x":1,"y":1,"w":5,"h":5},"sourceSize":{"w":5,"h":5}},"res_MainGame_particle_single":{"frame":{"x":8,"y":1,"w":2,"h":2},"sourceSize":{"w":2,"h":2}},"res_MainGame_blick-2":{"frame":{"x":1,"y":8,"w":30,"h":30},"sourceSize":{"w":30,"h":30}},"res_MainGame_light_5_00036":{"frame":{"x":33,"y":8,"w":96,"h":52},"sourceSize":{"w":96,"h":52}},"res_MainGame_light_5_00037":{"frame":{"x":131,"y":8,"w":96,"h":52},"sourceSize":{"w":96,"h":52}},"res_MainGame_light_5_00038":{"frame":{"x":229,"y":8,"w":96,"h":52},"sourceSize":{"w":96,"h":52}},"res_MainGame_light_5_00039":{"frame":{"x":327,"y":8,"w":96,"h":52},"sourceSize":{"w":96,"h":52}},"res_MainGame_light_5_00040":{"frame":{"x":425,"y":8,"w":96,"h":52},"sourceSize":{"w":96,"h":52}},"res_MainGame_light_5_00041":{"frame":{"x":523,"y":8,"w":96,"h":52},"sourceSize":{"w":96,"h":52}},"res_MainGame_light_5_00042":{"frame":{"x":621,"y":8,"w":96,"h":52},"sourceSize":{"w":96,"h":52}},"res_MainGame_light_5_00043":{"frame":{"x":719,"y":8,"w":96,"h":52},"sourceSize":{"w":96,"h":52}},"res_MainGame_light_5_00044":{"frame":{"x":817,"y":8,"w":96,"h":52},"sourceSize":{"w":96,"h":52}},"res_MainGame_light_5_00045":{"frame":{"x":915,"y":8,"w":96,"h":52},"sourceSize":{"w":96,"h":52}},"res_MainGame_light_5_00046":{"frame":{"x":33,"y":62,"w":96,"h":52},"sourceSize":{"w":96,"h":52}},"res_MainGame_light_4_00025":{"frame":{"x":33,"y":116,"w":68,"h":66},"sourceSize":{"w":68,"h":66}},"res_MainGame_light_4_00026":{"frame":{"x":33,"y":184,"w":68,"h":66},"sourceSize":{"w":68,"h":66}},"res_MainGame_light_4_00027":{"frame":{"x":33,"y":252,"w":68,"h":66},"sourceSize":{"w":68,"h":66}},"res_MainGame_light_4_00028":{"frame":{"x":33,"y":320,"w":68,"h":66},"sourceSize":{"w":68,"h":66}},"res_MainGame_light_4_00029":{"frame":{"x":33,"y":388,"w":68,"h":66},"sourceSize":{"w":68,"h":66}},"res_MainGame_light_4_00030":{"frame":{"x":33,"y":456,"w":68,"h":66},"sourceSize":{"w":68,"h":66}},"res_MainGame_light_4_00031":{"frame":{"x":33,"y":524,"w":68,"h":66},"sourceSize":{"w":68,"h":66}},"res_MainGame_light_4_00032":{"frame":{"x":33,"y":592,"w":68,"h":66},"sourceSize":{"w":68,"h":66}},"res_MainGame_light_4_00033":{"frame":{"x":33,"y":660,"w":68,"h":66},"sourceSize":{"w":68,"h":66}},"res_MainGame_light_4_00034":{"frame":{"x":33,"y":728,"w":68,"h":66},"sourceSize":{"w":68,"h":66}},"res_MainGame_light_4_00035":{"frame":{"x":33,"y":796,"w":68,"h":66},"sourceSize":{"w":68,"h":66}},"res_MainGame_light_4_00036":{"frame":{"x":33,"y":864,"w":68,"h":66},"sourceSize":{"w":68,"h":66}},"res_MainGame_light_4_00037":{"frame":{"x":33,"y":932,"w":68,"h":66},"sourceSize":{"w":68,"h":66}},"res_MainGame_light_4_00038":{"frame":{"x":103,"y":116,"w":68,"h":66},"sourceSize":{"w":68,"h":66}},"res_MainGame_light_4_00039":{"frame":{"x":103,"y":184,"w":68,"h":66},"sourceSize":{"w":68,"h":66}},"res_MainGame_light_4_00040":{"frame":{"x":103,"y":252,"w":68,"h":66},"sourceSize":{"w":68,"h":66}},"res_MainGame_light_4_00041":{"frame":{"x":103,"y":320,"w":68,"h":66},"sourceSize":{"w":68,"h":66}},"res_MainGame_light_4_00042":{"frame":{"x":103,"y":388,"w":68,"h":66},"sourceSize":{"w":68,"h":66}},"res_MainGame_light_4_00043":{"frame":{"x":103,"y":456,"w":68,"h":66},"sourceSize":{"w":68,"h":66}},"res_MainGame_light_4_00044":{"frame":{"x":103,"y":524,"w":68,"h":66},"sourceSize":{"w":68,"h":66}},"res_MainGame_light_4_00045":{"frame":{"x":103,"y":592,"w":68,"h":66},"sourceSize":{"w":68,"h":66}},"res_MainGame_light_4_00046":{"frame":{"x":103,"y":660,"w":68,"h":66},"sourceSize":{"w":68,"h":66}},"res_MainGame_light_3_00020":{"frame":{"x":173,"y":116,"w":80,"h":76},"sourceSize":{"w":80,"h":76}},"res_MainGame_light_3_00021":{"frame":{"x":255,"y":116,"w":80,"h":76},"sourceSize":{"w":80,"h":76}},"res_MainGame_light_3_00022":{"frame":{"x":337,"y":116,"w":80,"h":76},"sourceSize":{"w":80,"h":76}},"res_MainGame_light_3_00023":{"frame":{"x":419,"y":116,"w":80,"h":76},"sourceSize":{"w":80,"h":76}},"res_MainGame_light_3_00024":{"frame":{"x":501,"y":116,"w":80,"h":76},"sourceSize":{"w":80,"h":76}},"res_MainGame_light_3_00025":{"frame":{"x":583,"y":116,"w":80,"h":76},"sourceSize":{"w":80,"h":76}},"res_MainGame_light_3_00026":{"frame":{"x":665,"y":116,"w":80,"h":76},"sourceSize":{"w":80,"h":76}},"res_MainGame_light_3_00027":{"frame":{"x":747,"y":116,"w":80,"h":76},"sourceSize":{"w":80,"h":76}},"res_MainGame_light_3_00028":{"frame":{"x":829,"y":116,"w":80,"h":76},"sourceSize":{"w":80,"h":76}},"res_MainGame_light_3_00029":{"frame":{"x":911,"y":116,"w":80,"h":76},"sourceSize":{"w":80,"h":76}},"res_MainGame_light_3_00030":{"frame":{"x":173,"y":194,"w":80,"h":76},"sourceSize":{"w":80,"h":76}},"res_MainGame_light_3_00031":{"frame":{"x":173,"y":272,"w":80,"h":76},"sourceSize":{"w":80,"h":76}},"res_MainGame_light_3_00032":{"frame":{"x":173,"y":350,"w":80,"h":76},"sourceSize":{"w":80,"h":76}},"res_MainGame_light_3_00033":{"frame":{"x":173,"y":428,"w":80,"h":76},"sourceSize":{"w":80,"h":76}},"res_MainGame_light_3_00034":{"frame":{"x":173,"y":506,"w":80,"h":76},"sourceSize":{"w":80,"h":76}},"res_MainGame_light_3_00035":{"frame":{"x":173,"y":584,"w":80,"h":76},"sourceSize":{"w":80,"h":76}},"res_MainGame_light_3_00036":{"frame":{"x":173,"y":662,"w":80,"h":76},"sourceSize":{"w":80,"h":76}},"res_MainGame_light_1_00000":{"frame":{"x":255,"y":194,"w":105,"h":95},"sourceSize":{"w":105,"h":95}},"res_MainGame_light_1_00001":{"frame":{"x":362,"y":194,"w":105,"h":95},"sourceSize":{"w":105,"h":95}},"res_MainGame_light_1_00002":{"frame":{"x":469,"y":194,"w":105,"h":95},"sourceSize":{"w":105,"h":95}},"res_MainGame_light_1_00003":{"frame":{"x":576,"y":194,"w":105,"h":95},"sourceSize":{"w":105,"h":95}},"res_MainGame_light_1_00004":{"frame":{"x":683,"y":194,"w":105,"h":95},"sourceSize":{"w":105,"h":95}},"res_MainGame_light_1_00005":{"frame":{"x":790,"y":194,"w":105,"h":95},"sourceSize":{"w":105,"h":95}},"res_MainGame_light_1_00006":{"frame":{"x":897,"y":194,"w":105,"h":95},"sourceSize":{"w":105,"h":95}},"res_MainGame_light_1_00007":{"frame":{"x":255,"y":291,"w":105,"h":95},"sourceSize":{"w":105,"h":95}},"res_MainGame_light_1_00008":{"frame":{"x":255,"y":388,"w":105,"h":95},"sourceSize":{"w":105,"h":95}},"res_MainGame_light_1_00009":{"frame":{"x":255,"y":485,"w":105,"h":95},"sourceSize":{"w":105,"h":95}},"res_MainGame_light_1_00010":{"frame":{"x":255,"y":582,"w":105,"h":95},"sourceSize":{"w":105,"h":95}},"res_MainGame_light_1_00011":{"frame":{"x":255,"y":679,"w":105,"h":95},"sourceSize":{"w":105,"h":95}},"res_MainGame_light_1_00012":{"frame":{"x":255,"y":776,"w":105,"h":95},"sourceSize":{"w":105,"h":95}},"res_MainGame_light_1_00013":{"frame":{"x":255,"y":873,"w":105,"h":95},"sourceSize":{"w":105,"h":95}},"res_MainGame_light_1_00014":{"frame":{"x":362,"y":291,"w":105,"h":95},"sourceSize":{"w":105,"h":95}},"res_MainGame_light_1_00015":{"frame":{"x":469,"y":291,"w":105,"h":95},"sourceSize":{"w":105,"h":95}},"res_MainGame_light_1_00016":{"frame":{"x":576,"y":291,"w":105,"h":95},"sourceSize":{"w":105,"h":95}},"res_MainGame_light_1_00017":{"frame":{"x":683,"y":291,"w":105,"h":95},"sourceSize":{"w":105,"h":95}},"res_MainGame_light_1_00018":{"frame":{"x":790,"y":291,"w":105,"h":95},"sourceSize":{"w":105,"h":95}},"res_MainGame_light_1_00019":{"frame":{"x":897,"y":291,"w":105,"h":95},"sourceSize":{"w":105,"h":95}},"res_MainGame_light_1_00020":{"frame":{"x":362,"y":388,"w":105,"h":95},"sourceSize":{"w":105,"h":95}},"res_MainGame_light_1_00021":{"frame":{"x":362,"y":485,"w":105,"h":95},"sourceSize":{"w":105,"h":95}},"res_MainGame_light_1_00022":{"frame":{"x":362,"y":582,"w":105,"h":95},"sourceSize":{"w":105,"h":95}},"res_MainGame_light_1_00023":{"frame":{"x":362,"y":679,"w":105,"h":95},"sourceSize":{"w":105,"h":95}},"res_MainGame_light_1_00024":{"frame":{"x":362,"y":776,"w":105,"h":95},"sourceSize":{"w":105,"h":95}},"res_MainGame_light_1_00025":{"frame":{"x":362,"y":873,"w":105,"h":95},"sourceSize":{"w":105,"h":95}},"res_MainGame_light_1_00026":{"frame":{"x":469,"y":388,"w":105,"h":95},"sourceSize":{"w":105,"h":95}},"res_MainGame_ston":{"frame":{"x":469,"y":485,"w":221,"h":341},"sourceSize":{"w":221,"h":341}}},"meta":{"app":"PixiAnimate","scale":1,"image":"res_MainGame_atlas_1.png","size":{"w":1024,"h":1024}}}