{"frames":{"res_BigWinPopup_TEXT_00017":{"frame":{"x":1,"y":1,"w":220,"h":236},"sourceSize":{"w":220,"h":236}},"res_BigWinPopup_TEXT_00018":{"frame":{"x":1,"y":239,"w":220,"h":236},"sourceSize":{"w":220,"h":236}},"res_BigWinPopup_TEXT_00019":{"frame":{"x":1,"y":477,"w":220,"h":236},"sourceSize":{"w":220,"h":236}},"res_BigWinPopup_TEXT_00020":{"frame":{"x":1,"y":715,"w":220,"h":236},"sourceSize":{"w":220,"h":236}},"res_BigWinPopup_TEXT_1":{"frame":{"x":223,"y":1,"w":223,"h":205},"sourceSize":{"w":223,"h":205}},"res_BigWinPopup_TEXT":{"frame":{"x":448,"y":1,"w":372,"h":100},"sourceSize":{"w":372,"h":100}},"res_BigWinPopup_glow1":{"frame":{"x":223,"y":208,"w":768,"h":515},"sourceSize":{"w":768,"h":515}}},"meta":{"app":"PixiAnimate","scale":1,"image":"res_BigWinPopup_atlas_3.png","size":{"w":1024,"h":1024}}}