{"frames":{"res_BigWinPopup_TEXT_00001":{"frame":{"x":1,"y":1,"w":220,"h":236},"sourceSize":{"w":220,"h":236}},"res_BigWinPopup_TEXT_00002":{"frame":{"x":1,"y":239,"w":220,"h":236},"sourceSize":{"w":220,"h":236}},"res_BigWinPopup_TEXT_00003":{"frame":{"x":1,"y":477,"w":220,"h":236},"sourceSize":{"w":220,"h":236}},"res_BigWinPopup_TEXT_00004":{"frame":{"x":1,"y":715,"w":220,"h":236},"sourceSize":{"w":220,"h":236}},"res_BigWinPopup_TEXT_00005":{"frame":{"x":223,"y":1,"w":220,"h":236},"sourceSize":{"w":220,"h":236}},"res_BigWinPopup_TEXT_00006":{"frame":{"x":445,"y":1,"w":220,"h":236},"sourceSize":{"w":220,"h":236}},"res_BigWinPopup_TEXT_00007":{"frame":{"x":667,"y":1,"w":220,"h":236},"sourceSize":{"w":220,"h":236}},"res_BigWinPopup_Layer 33901_1":{"frame":{"x":889,"y":1,"w":132,"h":141},"sourceSize":{"w":132,"h":141}},"res_BigWinPopup_TEXT_00008":{"frame":{"x":223,"y":239,"w":220,"h":236},"sourceSize":{"w":220,"h":236}},"res_BigWinPopup_TEXT_00009":{"frame":{"x":223,"y":477,"w":220,"h":236},"sourceSize":{"w":220,"h":236}},"res_BigWinPopup_TEXT_00010":{"frame":{"x":223,"y":715,"w":220,"h":236},"sourceSize":{"w":220,"h":236}},"res_BigWinPopup_TEXT_00011":{"frame":{"x":445,"y":239,"w":220,"h":236},"sourceSize":{"w":220,"h":236}},"res_BigWinPopup_TEXT_00012":{"frame":{"x":667,"y":239,"w":220,"h":236},"sourceSize":{"w":220,"h":236}},"res_BigWinPopup_TEXT_00013":{"frame":{"x":445,"y":477,"w":220,"h":236},"sourceSize":{"w":220,"h":236}},"res_BigWinPopup_TEXT_00014":{"frame":{"x":445,"y":715,"w":220,"h":236},"sourceSize":{"w":220,"h":236}},"res_BigWinPopup_TEXT_00015":{"frame":{"x":667,"y":477,"w":220,"h":236},"sourceSize":{"w":220,"h":236}},"res_BigWinPopup_TEXT_00016":{"frame":{"x":667,"y":715,"w":220,"h":236},"sourceSize":{"w":220,"h":236}}},"meta":{"app":"PixiAnimate","scale":1,"image":"res_BigWinPopup_atlas_2.png","size":{"w":1024,"h":1024}}}