{"frames":{"res_BigWinPopup_star1":{"frame":{"x":1,"y":1,"w":55,"h":54},"sourceSize":{"w":55,"h":54}},"res_BigWinPopup_R_UP":{"frame":{"x":58,"y":1,"w":48,"h":28},"sourceSize":{"w":48,"h":28}},"res_BigWinPopup_Group 5336_1":{"frame":{"x":58,"y":31,"w":20,"h":20},"sourceSize":{"w":20,"h":20}},"res_BigWinPopup_Group 53361_1":{"frame":{"x":80,"y":31,"w":17,"h":17},"sourceSize":{"w":17,"h":17}},"res_BigWinPopup_L_UP1":{"frame":{"x":108,"y":1,"w":46,"h":28},"sourceSize":{"w":46,"h":28}},"res_BigWinPopup_Group 53364_1":{"frame":{"x":108,"y":31,"w":16,"h":17},"sourceSize":{"w":16,"h":17}},"res_BigWinPopup_Group 53363_1":{"frame":{"x":126,"y":31,"w":18,"h":18},"sourceSize":{"w":18,"h":18}},"res_BigWinPopup_Layer 339813_1":{"frame":{"x":156,"y":1,"w":29,"h":28},"sourceSize":{"w":29,"h":28}},"res_BigWinPopup_Group 53362_1":{"frame":{"x":187,"y":1,"w":39,"h":39},"sourceSize":{"w":39,"h":39}},"res_BigWinPopup_Layer 339812_1":{"frame":{"x":228,"y":1,"w":38,"h":36},"sourceSize":{"w":38,"h":36}},"res_BigWinPopup_Layer 339811_1":{"frame":{"x":268,"y":1,"w":51,"h":49},"sourceSize":{"w":51,"h":49}},"res_BigWinPopup_Group 533611_1":{"frame":{"x":321,"y":1,"w":30,"h":31},"sourceSize":{"w":30,"h":31}},"res_BigWinPopup_RED":{"frame":{"x":353,"y":1,"w":141,"h":25},"sourceSize":{"w":141,"h":25}},"res_BigWinPopup_Layer 340436_1":{"frame":{"x":353,"y":28,"w":26,"h":25},"sourceSize":{"w":26,"h":25}},"res_BigWinPopup_Layer 339814_1":{"frame":{"x":381,"y":28,"w":30,"h":26},"sourceSize":{"w":30,"h":26}},"res_BigWinPopup_blue1":{"frame":{"x":413,"y":28,"w":25,"h":25},"sourceSize":{"w":25,"h":25}},"res_BigWinPopup_STAR_V2":{"frame":{"x":496,"y":1,"w":37,"h":37},"sourceSize":{"w":37,"h":37}},"res_BigWinPopup_Layer 339815_1":{"frame":{"x":535,"y":1,"w":35,"h":30},"sourceSize":{"w":35,"h":30}},"res_BigWinPopup_FLAG1":{"frame":{"x":1,"y":57,"w":481,"h":106},"sourceSize":{"w":481,"h":106}},"res_BigWinPopup_R":{"frame":{"x":484,"y":57,"w":94,"h":106},"sourceSize":{"w":94,"h":106}},"res_BigWinPopup_main win cropped_00000":{"frame":{"x":580,"y":57,"w":153,"h":102},"sourceSize":{"w":153,"h":102}},"res_BigWinPopup_main win cropped_00001":{"frame":{"x":735,"y":57,"w":153,"h":102},"sourceSize":{"w":153,"h":102}},"res_BigWinPopup_Layer 34043":{"frame":{"x":890,"y":57,"w":55,"h":60},"sourceSize":{"w":55,"h":60}},"res_BigWinPopup_Layer 33981_1":{"frame":{"x":947,"y":57,"w":67,"h":58},"sourceSize":{"w":67,"h":58}},"res_BigWinPopup_L1":{"frame":{"x":1,"y":165,"w":94,"h":107},"sourceSize":{"w":94,"h":107}},"res_BigWinPopup_Layer 3390_1":{"frame":{"x":1,"y":274,"w":73,"h":186},"sourceSize":{"w":73,"h":186}},"res_BigWinPopup_SHADOW":{"frame":{"x":97,"y":165,"w":588,"h":150},"sourceSize":{"w":588,"h":150}},"res_BigWinPopup_main win cropped_00002":{"frame":{"x":687,"y":165,"w":153,"h":102},"sourceSize":{"w":153,"h":102}},"res_BigWinPopup_main win cropped_00003":{"frame":{"x":842,"y":165,"w":153,"h":102},"sourceSize":{"w":153,"h":102}},"res_BigWinPopup_main win cropped_00004":{"frame":{"x":97,"y":317,"w":153,"h":102},"sourceSize":{"w":153,"h":102}},"res_BigWinPopup_main win cropped_00005":{"frame":{"x":97,"y":421,"w":153,"h":102},"sourceSize":{"w":153,"h":102}},"res_BigWinPopup_main win cropped_00006":{"frame":{"x":97,"y":525,"w":153,"h":102},"sourceSize":{"w":153,"h":102}},"res_BigWinPopup_main win cropped_00007":{"frame":{"x":97,"y":629,"w":153,"h":102},"sourceSize":{"w":153,"h":102}},"res_BigWinPopup_main win cropped_00008":{"frame":{"x":97,"y":733,"w":153,"h":102},"sourceSize":{"w":153,"h":102}},"res_BigWinPopup_main win cropped_00009":{"frame":{"x":97,"y":837,"w":153,"h":102},"sourceSize":{"w":153,"h":102}},"res_BigWinPopup_main win cropped_00010":{"frame":{"x":252,"y":317,"w":153,"h":102},"sourceSize":{"w":153,"h":102}},"res_BigWinPopup_main win cropped_00011":{"frame":{"x":252,"y":421,"w":153,"h":102},"sourceSize":{"w":153,"h":102}},"res_BigWinPopup_main win cropped_00012":{"frame":{"x":252,"y":525,"w":153,"h":102},"sourceSize":{"w":153,"h":102}},"res_BigWinPopup_main win cropped_00013":{"frame":{"x":252,"y":629,"w":153,"h":102},"sourceSize":{"w":153,"h":102}},"res_BigWinPopup_main win cropped_00014":{"frame":{"x":252,"y":733,"w":153,"h":102},"sourceSize":{"w":153,"h":102}},"res_BigWinPopup_main win cropped_00015":{"frame":{"x":252,"y":837,"w":153,"h":102},"sourceSize":{"w":153,"h":102}},"res_BigWinPopup_main win cropped_00016":{"frame":{"x":407,"y":317,"w":153,"h":102},"sourceSize":{"w":153,"h":102}},"res_BigWinPopup_main win cropped_00017":{"frame":{"x":562,"y":317,"w":153,"h":102},"sourceSize":{"w":153,"h":102}},"res_BigWinPopup_main win cropped_00018":{"frame":{"x":717,"y":317,"w":153,"h":102},"sourceSize":{"w":153,"h":102}},"res_BigWinPopup_main win cropped_00019":{"frame":{"x":407,"y":421,"w":153,"h":102},"sourceSize":{"w":153,"h":102}},"res_BigWinPopup_main win cropped_00020":{"frame":{"x":562,"y":421,"w":153,"h":102},"sourceSize":{"w":153,"h":102}},"res_BigWinPopup_main win cropped_00021":{"frame":{"x":717,"y":421,"w":153,"h":102},"sourceSize":{"w":153,"h":102}},"res_BigWinPopup_main win cropped_00022":{"frame":{"x":407,"y":525,"w":153,"h":102},"sourceSize":{"w":153,"h":102}},"res_BigWinPopup_main win cropped_00023":{"frame":{"x":407,"y":629,"w":153,"h":102},"sourceSize":{"w":153,"h":102}},"res_BigWinPopup_main win cropped_00024":{"frame":{"x":407,"y":733,"w":153,"h":102},"sourceSize":{"w":153,"h":102}},"res_BigWinPopup_BLOW1":{"frame":{"x":407,"y":837,"w":121,"h":128},"sourceSize":{"w":121,"h":128}},"res_BigWinPopup_trumpet_1":{"frame":{"x":562,"y":525,"w":169,"h":118},"sourceSize":{"w":169,"h":118}},"res_BigWinPopup_GOLD1":{"frame":{"x":733,"y":525,"w":189,"h":94},"sourceSize":{"w":189,"h":94}},"res_BigWinPopup_trumpet":{"frame":{"x":562,"y":645,"w":160,"h":178},"sourceSize":{"w":160,"h":178}},"res_BigWinPopup_blick11 circle":{"frame":{"x":562,"y":825,"w":114,"h":114},"sourceSize":{"w":114,"h":114}},"res_BigWinPopup_TEXT_00000":{"frame":{"x":724,"y":645,"w":220,"h":236},"sourceSize":{"w":220,"h":236}}},"meta":{"app":"PixiAnimate","scale":1,"image":"res_BigWinPopup_atlas_1.png","size":{"w":1024,"h":1024}}}