<font>
  <info face="WordsMatchedFont" size="40" bold="1" italic="0" charset="" unicode="" stretchH="100" smooth="1" aa="1" padding="2,2,2,2" spacing="0,0" outline="0"/>
  <common lineHeight="45" base="29" scaleW="256" scaleH="282" pages="1" packed="0"/>
  <pages>
    <page id="0" file="WordsMatchedFont.png"/>
  </pages>
  <chars count="23">
    <char id="48" x="8" y="4" width="38" height="41" xoffset="-2" yoffset="4" xadvance="25" page="0" chnl="15"/>
    <char id="49" x="68" y="4" width="25" height="41" xoffset="-3" yoffset="3" xadvance="13" page="0" chnl="15"/>
    <char id="50" x="116" y="4" width="35" height="41" xoffset="-3" yoffset="4" xadvance="21" page="0" chnl="15"/>
    <char id="51" x="170" y="4" width="33" height="41" xoffset="-2" yoffset="4" xadvance="19" page="0" chnl="15"/>
    <char id="52" x="10" y="51" width="35" height="41" xoffset="-2" yoffset="3" xadvance="22" page="0" chnl="15"/>
    <char id="53" x="64" y="51" width="33" height="41" xoffset="-2" yoffset="4" xadvance="20" page="0" chnl="15"/>
    <char id="54" x="116" y="51" width="35" height="41" xoffset="-2" yoffset="3" xadvance="22" page="0" chnl="15"/>
    <char id="55" x="169" y="51" width="34" height="41" xoffset="-4" yoffset="4" xadvance="19" page="0" chnl="15"/>
    <char id="56" x="11" y="98" width="33" height="41" xoffset="-3" yoffset="4" xadvance="20" page="0" chnl="15"/>
    <char id="57" x="63" y="98" width="35" height="41" xoffset="-2" yoffset="4" xadvance="23" page="0" chnl="15"/>
    <char id="87" x="108" y="96" width="51" height="44" xoffset="-3" yoffset="0" xadvance="38" page="0" chnl="15"/>
    <char id="119" x="164" y="101" width="45" height="35" xoffset="-3" yoffset="10" xadvance="30" page="0" chnl="15"/>
    <char id="111" x="10" y="147" width="34" height="36" xoffset="-2" yoffset="8" xadvance="21" page="0" chnl="15"/>
    <char id="114" x="66" y="147" width="29" height="36" xoffset="-2" yoffset="9" xadvance="15" page="0" chnl="15"/>
    <char id="100" x="115" y="143" width="36" height="45" xoffset="-2" yoffset="8" xadvance="24" page="0" chnl="15"/>
    <char id="115" x="172" y="147" width="28" height="37" xoffset="-3" yoffset="8" xadvance="14" page="0" chnl="15"/>
    <char id="77" x="5" y="190" width="45" height="44" xoffset="-2" yoffset="0" xadvance="33" page="0" chnl="15"/>
    <char id="109" x="57" y="194" width="47" height="36" xoffset="-3" yoffset="8" xadvance="35" page="0" chnl="15"/>
    <char id="97" x="115" y="194" width="36" height="36" xoffset="-2" yoffset="8" xadvance="24" page="0" chnl="15"/>
    <char id="116" x="171" y="191" width="30" height="42" xoffset="-4" yoffset="5" xadvance="15" page="0" chnl="15"/>
    <char id="99" x="12" y="241" width="30" height="36" xoffset="-2" yoffset="8" xadvance="17" page="0" chnl="15"/>
    <char id="104" x="62" y="237" width="36" height="44" xoffset="-3" yoffset="0" xadvance="23" page="0" chnl="15"/>
    <char id="101" x="117" y="241" width="33" height="37" xoffset="-2" yoffset="8" xadvance="20" page="0" chnl="15"/>
    <char id="32" x="0" y="0" width="0" height="0" xoffset="-2" yoffset="8" xadvance="10" page="0" chnl="15"/>
  </chars>
</font>