<font>
  <info face="YouWonAmountFont" size="40" bold="0" italic="0" charset="" unicode="" stretchH="100" smooth="1" aa="1" padding="2,2,2,2" spacing="0,0" outline="0"/>
  <common lineHeight="44" base="27" scaleW="256" scaleH="147" pages="1" packed="0"/>
  <pages>
    <page id="0" file="YouWonAmountFont.png"/>
  </pages>
  <chars count="13">
    <char id="48" x="2" y="5" width="36" height="41" xoffset="-19" yoffset="3" xadvance="24" page="0" chnl="15"/>
    <char id="49" x="46" y="5" width="23" height="41" xoffset="-8" yoffset="3" xadvance="11" page="0" chnl="15"/>
    <char id="50" x="79" y="5" width="33" height="40" xoffset="4" yoffset="4" xadvance="19" page="0" chnl="15"/>
    <char id="51" x="118" y="5" width="32" height="41" xoffset="17" yoffset="3" xadvance="19" page="0" chnl="15"/>
    <char id="52" x="155" y="5" width="34" height="41" xoffset="30" yoffset="2" xadvance="20" page="0" chnl="15"/>
    <char id="53" x="194" y="5" width="32" height="40" xoffset="43" yoffset="3" xadvance="19" page="0" chnl="15"/>
    <char id="54" x="4" y="54" width="32" height="41" xoffset="55" yoffset="3" xadvance="21" page="0" chnl="15"/>
    <char id="55" x="42" y="54" width="31" height="40" xoffset="65" yoffset="3" xadvance="18" page="0" chnl="15"/>
    <char id="56" x="80" y="54" width="32" height="41" xoffset="77" yoffset="3" xadvance="18" page="0" chnl="15"/>
    <char id="57" x="117" y="54" width="33" height="41" xoffset="90" yoffset="3" xadvance="21" page="0" chnl="15"/>
    <char id="36" x="157" y="51" width="30" height="47" xoffset="-54" yoffset="0" xadvance="17" page="0" chnl="15"/>
    <char id="44" x="199" y="61" width="22" height="26" xoffset="-43" yoffset="21" xadvance="9" page="0" chnl="15"/>
    <char id="46" x="10" y="112" width="20" height="22" xoffset="-30" yoffset="21" xadvance="9" page="0" chnl="15"/>
    <char id="32" x="0" y="0" width="0" height="0" xoffset="-2" yoffset="21" xadvance="10" page="0" chnl="15"/>
  </chars>
</font>