{
	"alpha": {
		"start": 1,
		"end": 0
	},
	"scale": {
		"start": 1.3,
		"end": 0.5,
		"minimumScaleMultiplier": 1
	},
	"color": {
		"start": "#8ad4e6",
		"end": "#8ce6d7"
	},
	"speed": {
		"start": 100,
		"end": 0,
		"minimumSpeedMultiplier": 5
	},
	"acceleration": {
		"x": 0,
		"y": 0
	},
	"maxSpeed": 0,
	"startRotation": {
		"min": 0,
		"max": 360
	},
	"noRotation": false,
	"rotationSpeed": {
		"min": 0,
		"max": 0
	},
	"lifetime": {
		"min": 0.1,
		"max": 3
	},
	"blendMode": "normal",
	"frequency": 0.001,
	"emitterLifetime": -1,
	"maxParticles": 150,
	"pos": {
		"x": 0,
		"y": 0
	},
	"addAtBack": false,
	"spawnType": "point"
}